#
# There is insufficient memory for the Java Runtime Environment to continue.
# Native memory allocation (mmap) failed to map 536870912 bytes. Error detail: G1 virtual space
# Possible reasons:
#   The system is out of physical RAM or swap space
#   This process is running with CompressedOops enabled, and the Java Heap may be blocking the growth of the native heap
# Possible solutions:
#   Reduce memory load on the system
#   Increase physical memory or swap space
#   Check if swap backing store is full
#   Decrease Java heap size (-Xmx/-Xms)
#   Decrease number of Java threads
#   Decrease Java thread stack sizes (-Xss)
#   Set larger code cache with -XX:ReservedCodeCacheSize=
#   JVM is running with Unscaled Compressed Oops mode in which the Java heap is
#     placed in the first 4GB address space. The Java Heap base address is the
#     maximum limit for the native heap growth. Please use -XX:HeapBaseMinAddress
#     to set the Java Heap base and to place the Java Heap above 4GB virtual address.
# This output file may be truncated or incomplete.
#
#  Out of Memory Error (os_windows.cpp:3618), pid=19640, tid=10312
#
# JRE version: OpenJDK Runtime Environment Corretto-17.0.17.10.1 (17.0.17+10) (build 17.0.17+10-LTS)
# Java VM: OpenJDK 64-Bit Server VM Corretto-17.0.17.10.1 (17.0.17+10-LTS, mixed mode, emulated-client, sharing, tiered, compressed oops, compressed class ptrs, g1 gc, windows-amd64)
# No core dump will be written. Minidumps are not enabled by default on client versions of Windows
#

---------------  S U M M A R Y ------------

Command Line: -XX:TieredStopAtLevel=1 -Dspring.output.ansi.enabled=always -Dcom.sun.management.jmxremote -Dspring.jmx.enabled=true -Dspring.liveBeansView.mbeanDomain -Dspring.application.admin.enabled=true -javaagent:C:\Program Files\JetBrains\IntelliJ IDEA 2022.2\lib\idea_rt.jar=55126:C:\Program Files\JetBrains\IntelliJ IDEA 2022.2\bin -Dfile.encoding=UTF-8 com.arabsoft.gestionindemnites.GestionIndemnitesApplication

Host: Intel(R) Core(TM) i3-14100, 8 cores, 7G,  Windows 10 , 64 bit Build 19041 (10.0.19041.5915)
Time: Fri Nov 28 15:23:21 2025 Paris, Madrid elapsed time: 26148.516745 seconds (0d 7h 15m 48s)

---------------  T H R E A D  ---------------

Current thread (0x000001d6deee9dd0):  VMThread "VM Thread" [stack: 0x00000078cf700000,0x00000078cf800000] [id=10312]

Stack: [0x00000078cf700000,0x00000078cf800000]
Native frames: (J=compiled Java code, j=interpreted, Vv=VM code, C=native code)
V  [jvm.dll+0x68afd9]
V  [jvm.dll+0x841c09]
V  [jvm.dll+0x843978]
V  [jvm.dll+0x844003]
V  [jvm.dll+0x24ce4f]
V  [jvm.dll+0x687e39]
V  [jvm.dll+0x67ce4a]
V  [jvm.dll+0x30d100]
V  [jvm.dll+0x30cfa2]
V  [jvm.dll+0x3144f9]
V  [jvm.dll+0x366799]
V  [jvm.dll+0x3669cd]
V  [jvm.dll+0x2e421a]
V  [jvm.dll+0x2e2611]
V  [jvm.dll+0x2e1dac]
V  [jvm.dll+0x3261e1]
V  [jvm.dll+0x84887d]
V  [jvm.dll+0x849593]
V  [jvm.dll+0x849ac4]
V  [jvm.dll+0x849ea8]
V  [jvm.dll+0x849f9e]
V  [jvm.dll+0x7f187c]
V  [jvm.dll+0x689ee7]
C  [ucrtbase.dll+0x21bb2]
C  [KERNEL32.DLL+0x17374]
C  [ntdll.dll+0x4cc91]

VM_Operation (0x00000078d2ffb940): G1TryInitiateConcMark, mode: safepoint, requested by thread 0x000001d6e6be7a00


---------------  P R O C E S S  ---------------

Threads class SMR info:
_java_thread_list=0x000001d6e50b0980, length=43, elements={
0x000001d6deeefb10, 0x000001d6deef0f30, 0x000001d6def066c0, 0x000001d6def07340,
0x000001d6def08d10, 0x000001d6def09e70, 0x000001d6def0d090, 0x000001d6def14680,
0x000001d6deed7590, 0x000001d6e4347950, 0x000001d6e4347e30, 0x000001d6e44542c0,
0x000001d6e50a8120, 0x000001d6e50a8b40, 0x000001d6e50a9050, 0x000001d6e50a9560,
0x000001d6e50a9a70, 0x000001d6e50a71f0, 0x000001d6e50a9f80, 0x000001d6e50aa490,
0x000001d6e615d490, 0x000001d6e615e8d0, 0x000001d6e615ede0, 0x000001d6e615e3c0,
0x000001d6e615deb0, 0x000001d6e615f2f0, 0x000001d6e615f800, 0x000001d6e6160730,
0x000001d6e6be19d0, 0x000001d6e6be14c0, 0x000001d6e6be5180, 0x000001d6e6be4250,
0x000001d6e6be0080, 0x000001d6e6be7a00, 0x000001d6e6be5ba0, 0x000001d6e6be4760,
0x000001d6e6be3830, 0x000001d6e6be5690, 0x000001d6e6be60b0, 0x000001d6e6be65c0,
0x000001d6e6be6ad0, 0x000001d6e6be0aa0, 0x000001d6e6be0590
}

Java Threads: ( => current thread )
  0x000001d6deeefb10 JavaThread "Reference Handler" daemon [_thread_blocked, id=6632, stack(0x00000078cf800000,0x00000078cf900000)]
  0x000001d6deef0f30 JavaThread "Finalizer" daemon [_thread_blocked, id=22808, stack(0x00000078cf900000,0x00000078cfa00000)]
  0x000001d6def066c0 JavaThread "Signal Dispatcher" daemon [_thread_blocked, id=15272, stack(0x00000078cfa00000,0x00000078cfb00000)]
  0x000001d6def07340 JavaThread "Attach Listener" daemon [_thread_blocked, id=24240, stack(0x00000078cfb00000,0x00000078cfc00000)]
  0x000001d6def08d10 JavaThread "Service Thread" daemon [_thread_blocked, id=13652, stack(0x00000078cfc00000,0x00000078cfd00000)]
  0x000001d6def09e70 JavaThread "Monitor Deflation Thread" daemon [_thread_blocked, id=11888, stack(0x00000078cfd00000,0x00000078cfe00000)]
  0x000001d6def0d090 JavaThread "C1 CompilerThread0" daemon [_thread_blocked, id=9524, stack(0x00000078cfe00000,0x00000078cff00000)]
  0x000001d6def14680 JavaThread "Sweeper thread" daemon [_thread_blocked, id=16916, stack(0x00000078cff00000,0x00000078d0000000)]
  0x000001d6deed7590 JavaThread "Common-Cleaner" daemon [_thread_blocked, id=16480, stack(0x00000078d0000000,0x00000078d0100000)]
  0x000001d6e4347950 JavaThread "Monitor Ctrl-Break" daemon [_thread_in_native, id=21352, stack(0x00000078d0300000,0x00000078d0400000)]
  0x000001d6e4347e30 JavaThread "Notification Thread" daemon [_thread_blocked, id=20472, stack(0x00000078d0400000,0x00000078d0500000)]
  0x000001d6e44542c0 JavaThread "RMI TCP Accept-0" daemon [_thread_in_native, id=10028, stack(0x00000078d0500000,0x00000078d0600000)]
  0x000001d6e50a8120 JavaThread "RMI Scheduler(0)" daemon [_thread_blocked, id=23112, stack(0x00000078d1500000,0x00000078d1600000)]
  0x000001d6e50a8b40 JavaThread "Catalina-utility-1" [_thread_blocked, id=21764, stack(0x00000078d1800000,0x00000078d1900000)]
  0x000001d6e50a9050 JavaThread "Catalina-utility-2" [_thread_blocked, id=3264, stack(0x00000078d1900000,0x00000078d1a00000)]
  0x000001d6e50a9560 JavaThread "container-0" [_thread_blocked, id=9708, stack(0x00000078d1a00000,0x00000078d1b00000)]
  0x000001d6e50a9a70 JavaThread "Timer-0" daemon [_thread_blocked, id=7376, stack(0x00000078d1b00000,0x00000078d1c00000)]
  0x000001d6e50a71f0 JavaThread "oracle.jdbc.driver.BlockSource.ThreadedCachingBlockSource.BlockReleaser" daemon [_thread_blocked, id=18488, stack(0x00000078d1c00000,0x00000078d1d00000)]
  0x000001d6e50a9f80 JavaThread "InterruptTimer" daemon [_thread_blocked, id=20828, stack(0x00000078d1d00000,0x00000078d1e00000)]
  0x000001d6e50aa490 JavaThread "HikariPool-1 housekeeper" daemon [_thread_blocked, id=14868, stack(0x00000078d1e00000,0x00000078d1f00000)]
  0x000001d6e615d490 JavaThread "spring.cloud.inetutils" daemon [_thread_blocked, id=18864, stack(0x00000078d2200000,0x00000078d2300000)]
  0x000001d6e615e8d0 JavaThread "File Watcher" daemon [_thread_blocked, id=15348, stack(0x00000078d2300000,0x00000078d2400000)]
  0x000001d6e615ede0 JavaThread "spectator-gauge-polling-0" daemon [_thread_blocked, id=1896, stack(0x00000078d2500000,0x00000078d2600000)]
  0x000001d6e615e3c0 JavaThread "AsyncResolver-bootstrap-%d" daemon [_thread_blocked, id=6464, stack(0x00000078d2400000,0x00000078d2500000)]
  0x000001d6e615deb0 JavaThread "DiscoveryClient-%d" daemon [_thread_blocked, id=3000, stack(0x00000078d2600000,0x00000078d2700000)]
  0x000001d6e615f2f0 JavaThread "DiscoveryClient-%d" daemon [_thread_blocked, id=9304, stack(0x00000078d2700000,0x00000078d2800000)]
  0x000001d6e615f800 JavaThread "DiscoveryClient-InstanceInfoReplicator-%d" daemon [_thread_blocked, id=8248, stack(0x00000078d2800000,0x00000078d2900000)]
  0x000001d6e6160730 JavaThread "http-nio-8006-exec-1" daemon [_thread_blocked, id=14920, stack(0x00000078d2900000,0x00000078d2a00000)]
  0x000001d6e6be19d0 JavaThread "http-nio-8006-exec-2" daemon [_thread_blocked, id=21268, stack(0x00000078d2a00000,0x00000078d2b00000)]
  0x000001d6e6be14c0 JavaThread "http-nio-8006-exec-3" daemon [_thread_blocked, id=10804, stack(0x00000078d2b00000,0x00000078d2c00000)]
  0x000001d6e6be5180 JavaThread "http-nio-8006-exec-4" daemon [_thread_blocked, id=20592, stack(0x00000078d2c00000,0x00000078d2d00000)]
  0x000001d6e6be4250 JavaThread "http-nio-8006-exec-5" daemon [_thread_blocked, id=20292, stack(0x00000078d2d00000,0x00000078d2e00000)]
  0x000001d6e6be0080 JavaThread "http-nio-8006-exec-6" daemon [_thread_blocked, id=1820, stack(0x00000078d2e00000,0x00000078d2f00000)]
  0x000001d6e6be7a00 JavaThread "http-nio-8006-exec-7" daemon [_thread_blocked, id=17972, stack(0x00000078d2f00000,0x00000078d3000000)]
  0x000001d6e6be5ba0 JavaThread "http-nio-8006-exec-8" daemon [_thread_blocked, id=22168, stack(0x00000078d3000000,0x00000078d3100000)]
  0x000001d6e6be4760 JavaThread "http-nio-8006-exec-9" daemon [_thread_blocked, id=22276, stack(0x00000078d3100000,0x00000078d3200000)]
  0x000001d6e6be3830 JavaThread "http-nio-8006-exec-10" daemon [_thread_blocked, id=13328, stack(0x00000078d3200000,0x00000078d3300000)]
  0x000001d6e6be5690 JavaThread "http-nio-8006-Poller" daemon [_thread_in_native, id=2428, stack(0x00000078d3300000,0x00000078d3400000)]
  0x000001d6e6be60b0 JavaThread "http-nio-8006-Acceptor" daemon [_thread_in_native, id=7280, stack(0x00000078d3400000,0x00000078d3500000)]
  0x000001d6e6be65c0 JavaThread "DestroyJavaVM" [_thread_blocked, id=10684, stack(0x00000078cf100000,0x00000078cf200000)]
  0x000001d6e6be6ad0 JavaThread "DiscoveryClient-CacheRefreshExecutor-%d" daemon [_thread_blocked, id=21828, stack(0x00000078d0f00000,0x00000078d1000000)]
  0x000001d6e6be0aa0 JavaThread "DiscoveryClient-HeartbeatExecutor-%d" daemon [_thread_blocked, id=5240, stack(0x00000078d1600000,0x00000078d1700000)]
  0x000001d6e6be0590 JavaThread "AsyncResolver-bootstrap-executor-%d" daemon [_thread_blocked, id=23204, stack(0x00000078cf000000,0x00000078cf100000)]

Other Threads:
=>0x000001d6deee9dd0 VMThread "VM Thread" [stack: 0x00000078cf700000,0x00000078cf800000] [id=10312]
  0x000001d6cb5e6db0 WatcherThread [stack: 0x00000078d0600000,0x00000078d0700000] [id=22572]
  0x000001d6cb63f0f0 GCTaskThread "GC Thread#0" [stack: 0x00000078cf200000,0x00000078cf300000] [id=7720]
  0x000001d6e4709ba0 GCTaskThread "GC Thread#1" [stack: 0x00000078d0700000,0x00000078d0800000] [id=14804]
  0x000001d6e47d5d00 GCTaskThread "GC Thread#2" [stack: 0x00000078d0800000,0x00000078d0900000] [id=10384]
  0x000001d6e47d5fd0 GCTaskThread "GC Thread#3" [stack: 0x00000078d0900000,0x00000078d0a00000] [id=9472]
  0x000001d6e47d6290 GCTaskThread "GC Thread#4" [stack: 0x00000078d0a00000,0x00000078d0b00000] [id=7956]
  0x000001d6e47d6550 GCTaskThread "GC Thread#5" [stack: 0x00000078d0b00000,0x00000078d0c00000] [id=18160]
  0x000001d6e47d6810 GCTaskThread "GC Thread#6" [stack: 0x00000078d0c00000,0x00000078d0d00000] [id=5840]
  0x000001d6e4a6ae50 GCTaskThread "GC Thread#7" [stack: 0x00000078d1000000,0x00000078d1100000] [id=4928]
  0x000001d6cb64f440 ConcurrentGCThread "G1 Main Marker" [stack: 0x00000078cf300000,0x00000078cf400000] [id=2012]
  0x000001d6cb64fe60 ConcurrentGCThread "G1 Conc#0" [stack: 0x00000078cf400000,0x00000078cf500000] [id=20944]
  0x000001d6e4e89fd0 ConcurrentGCThread "G1 Conc#1" [stack: 0x00000078d1300000,0x00000078d1400000] [id=21652]
  0x000001d6cb689d70 ConcurrentGCThread "G1 Refine#0" [stack: 0x00000078cf500000,0x00000078cf600000] [id=24352]
  0x000001d6df930360 ConcurrentGCThread "G1 Refine#1" [stack: 0x00000078d0d00000,0x00000078d0e00000] [id=6828]
  0x000001d6e6506f40 ConcurrentGCThread "G1 Refine#2" [stack: 0x00000078cef00000,0x00000078cf000000] [id=1440]
  0x000001d6e44c7490 ConcurrentGCThread "G1 Refine#3" [stack: 0x00000078d0100000,0x00000078d0200000] [id=13080]
  0x000001d6df7a5ac0 ConcurrentGCThread "G1 Refine#4" [stack: 0x00000078d0200000,0x00000078d0300000] [id=23704]
  0x000001d6e4691ac0 ConcurrentGCThread "G1 Refine#5" [stack: 0x00000078d0e00000,0x00000078d0f00000] [id=11828]
  0x000001d6e46a1aa0 ConcurrentGCThread "G1 Refine#6" [stack: 0x00000078d1100000,0x00000078d1200000] [id=20748]
  0x000001d6df8569e0 ConcurrentGCThread "G1 Refine#7" [stack: 0x00000078d1200000,0x00000078d1300000] [id=18052]
  0x000001d6cb68a7a0 ConcurrentGCThread "G1 Service" [stack: 0x00000078cf600000,0x00000078cf700000] [id=21540]

Threads with active compile tasks:

VM state: at safepoint (normal execution)

VM Mutex/Monitor currently owned by a thread:  ([mutex/lock_event])
[0x000001d6cb5e1f00] Threads_lock - owner thread: 0x000001d6deee9dd0
[0x000001d6cb5e1a80] Heap_lock - owner thread: 0x000001d6e6be7a00

OutOfMemory and StackOverflow Exception counts:
OutOfMemoryError java_heap_errors=1
LinkageErrors=158

Heap address: 0x0000000086000000, size: 1952 MB, Compressed Oops mode: 32-bit

CDS archive(s) mapped at: [0x000001d680000000-0x000001d680bb0000-0x000001d680bb0000), size 12255232, SharedBaseAddress: 0x000001d680000000, ArchiveRelocationMode: 1.
Compressed class space mapped at: 0x000001d681000000-0x000001d6c1000000, reserved size: 1073741824
Narrow klass base: 0x000001d680000000, Narrow klass shift: 0, Narrow klass range: 0x100000000

GC Precious Log:
 CPUs: 8 total, 8 available
 Memory: 7806M
 Large Page Support: Disabled
 NUMA Support: Disabled
 Compressed Oops: Enabled (32-bit)
 Heap Region Size: 1M
 Heap Min Capacity: 8M
 Heap Initial Capacity: 122M
 Heap Max Capacity: 1952M
 Pre-touch: Disabled
 Parallel Workers: 8
 Concurrent Workers: 2
 Concurrent Refinement Workers: 8
 Periodic GC: Disabled

Heap:
 garbage-first heap   total 519168K, used 122815K [0x0000000086000000, 0x0000000100000000)
  region size 1024K, 13 young (13312K), 13 survivors (13312K)
 Metaspace       used 83141K, committed 83840K, reserved 1179648K
  class space    used 12132K, committed 12480K, reserved 1048576K

Heap Regions: E=young(eden), S=young(survivor), O=old, HS=humongous(starts), HC=humongous(continues), CS=collection set, F=free, OA=open archive, CA=closed archive, TAMS=top-at-mark-start (previous, next)
|   0|0x0000000086000000, 0x0000000086100000, 0x0000000086100000|100%|HS|  |TAMS 0x0000000086100000, 0x0000000086100000| Complete 
|   1|0x0000000086100000, 0x0000000086200000, 0x0000000086200000|100%|HS|  |TAMS 0x0000000086200000, 0x0000000086200000| Complete 
|   2|0x0000000086200000, 0x0000000086300000, 0x0000000086300000|100%| O|  |TAMS 0x0000000086300000, 0x0000000086300000| Untracked 
|   3|0x0000000086300000, 0x0000000086400000, 0x0000000086400000|100%| O|  |TAMS 0x0000000086400000, 0x0000000086400000| Untracked 
|   4|0x0000000086400000, 0x0000000086500000, 0x0000000086500000|100%| O|  |TAMS 0x0000000086500000, 0x0000000086500000| Untracked 
|   5|0x0000000086500000, 0x0000000086600000, 0x0000000086600000|100%| O|  |TAMS 0x0000000086600000, 0x0000000086600000| Untracked 
|   6|0x0000000086600000, 0x0000000086700000, 0x0000000086700000|100%| O|  |TAMS 0x0000000086700000, 0x0000000086700000| Untracked 
|   7|0x0000000086700000, 0x0000000086800000, 0x0000000086800000|100%| O|  |TAMS 0x0000000086800000, 0x0000000086800000| Untracked 
|   8|0x0000000086800000, 0x0000000086900000, 0x0000000086900000|100%| O|  |TAMS 0x0000000086900000, 0x0000000086900000| Untracked 
|   9|0x0000000086900000, 0x0000000086a00000, 0x0000000086a00000|100%| O|  |TAMS 0x0000000086a00000, 0x0000000086a00000| Untracked 
|  10|0x0000000086a00000, 0x0000000086b00000, 0x0000000086b00000|100%| O|  |TAMS 0x0000000086b00000, 0x0000000086b00000| Untracked 
|  11|0x0000000086b00000, 0x0000000086c00000, 0x0000000086c00000|100%| O|  |TAMS 0x0000000086c00000, 0x0000000086c00000| Untracked 
|  12|0x0000000086c00000, 0x0000000086d00000, 0x0000000086d00000|100%| O|  |TAMS 0x0000000086d00000, 0x0000000086d00000| Untracked 
|  13|0x0000000086d00000, 0x0000000086e00000, 0x0000000086e00000|100%| O|  |TAMS 0x0000000086e00000, 0x0000000086e00000| Untracked 
|  14|0x0000000086e00000, 0x0000000086f00000, 0x0000000086f00000|100%| O|  |TAMS 0x0000000086f00000, 0x0000000086f00000| Untracked 
|  15|0x0000000086f00000, 0x0000000087000000, 0x0000000087000000|100%| O|  |TAMS 0x0000000087000000, 0x0000000087000000| Untracked 
|  16|0x0000000087000000, 0x0000000087100000, 0x0000000087100000|100%| O|  |TAMS 0x0000000087100000, 0x0000000087100000| Untracked 
|  17|0x0000000087100000, 0x0000000087200000, 0x0000000087200000|100%| O|  |TAMS 0x0000000087200000, 0x0000000087200000| Untracked 
|  18|0x0000000087200000, 0x0000000087300000, 0x0000000087300000|100%| O|  |TAMS 0x0000000087300000, 0x0000000087300000| Untracked 
|  19|0x0000000087300000, 0x0000000087300000, 0x0000000087400000|  0%| F|  |TAMS 0x0000000087300000, 0x0000000087300000| Untracked 
|  20|0x0000000087400000, 0x0000000087500000, 0x0000000087500000|100%| O|  |TAMS 0x0000000087500000, 0x0000000087500000| Untracked 
|  21|0x0000000087500000, 0x0000000087600000, 0x0000000087600000|100%| O|  |TAMS 0x0000000087600000, 0x0000000087600000| Untracked 
|  22|0x0000000087600000, 0x0000000087700000, 0x0000000087700000|100%| O|  |TAMS 0x0000000087700000, 0x0000000087700000| Untracked 
|  23|0x0000000087700000, 0x0000000087800000, 0x0000000087800000|100%| O|  |TAMS 0x0000000087800000, 0x0000000087800000| Untracked 
|  24|0x0000000087800000, 0x0000000087900000, 0x0000000087900000|100%| O|  |TAMS 0x0000000087900000, 0x0000000087900000| Untracked 
|  25|0x0000000087900000, 0x0000000087a00000, 0x0000000087a00000|100%| O|  |TAMS 0x0000000087a00000, 0x0000000087a00000| Untracked 
|  26|0x0000000087a00000, 0x0000000087b00000, 0x0000000087b00000|100%| O|  |TAMS 0x0000000087b00000, 0x0000000087b00000| Untracked 
|  27|0x0000000087b00000, 0x0000000087c00000, 0x0000000087c00000|100%| O|  |TAMS 0x0000000087c00000, 0x0000000087c00000| Untracked 
|  28|0x0000000087c00000, 0x0000000087c00000, 0x0000000087d00000|  0%| F|  |TAMS 0x0000000087c00000, 0x0000000087c00000| Untracked 
|  29|0x0000000087d00000, 0x0000000087e00000, 0x0000000087e00000|100%| O|  |TAMS 0x0000000087e00000, 0x0000000087e00000| Untracked 
|  30|0x0000000087e00000, 0x0000000087f00000, 0x0000000087f00000|100%| O|  |TAMS 0x0000000087f00000, 0x0000000087f00000| Untracked 
|  31|0x0000000087f00000, 0x0000000088000000, 0x0000000088000000|100%| O|  |TAMS 0x0000000088000000, 0x0000000088000000| Untracked 
|  32|0x0000000088000000, 0x0000000088100000, 0x0000000088100000|100%| O|  |TAMS 0x0000000088100000, 0x0000000088100000| Untracked 
|  33|0x0000000088100000, 0x0000000088200000, 0x0000000088200000|100%| O|  |TAMS 0x0000000088200000, 0x0000000088200000| Untracked 
|  34|0x0000000088200000, 0x0000000088300000, 0x0000000088300000|100%| O|  |TAMS 0x0000000088300000, 0x0000000088300000| Untracked 
|  35|0x0000000088300000, 0x0000000088400000, 0x0000000088400000|100%| O|  |TAMS 0x0000000088400000, 0x0000000088400000| Untracked 
|  36|0x0000000088400000, 0x0000000088400000, 0x0000000088500000|  0%| F|  |TAMS 0x0000000088400000, 0x0000000088400000| Untracked 
|  37|0x0000000088500000, 0x0000000088500000, 0x0000000088600000|  0%| F|  |TAMS 0x0000000088500000, 0x0000000088500000| Untracked 
|  38|0x0000000088600000, 0x0000000088600000, 0x0000000088700000|  0%| F|  |TAMS 0x0000000088600000, 0x0000000088600000| Untracked 
|  39|0x0000000088700000, 0x0000000088800000, 0x0000000088800000|100%| O|  |TAMS 0x0000000088800000, 0x0000000088800000| Untracked 
|  40|0x0000000088800000, 0x0000000088800000, 0x0000000088900000|  0%| F|  |TAMS 0x0000000088800000, 0x0000000088800000| Untracked 
|  41|0x0000000088900000, 0x0000000088900000, 0x0000000088a00000|  0%| F|  |TAMS 0x0000000088900000, 0x0000000088900000| Untracked 
|  42|0x0000000088a00000, 0x0000000088a00000, 0x0000000088b00000|  0%| F|  |TAMS 0x0000000088a00000, 0x0000000088a00000| Untracked 
|  43|0x0000000088b00000, 0x0000000088b00000, 0x0000000088c00000|  0%| F|  |TAMS 0x0000000088b00000, 0x0000000088b00000| Untracked 
|  44|0x0000000088c00000, 0x0000000088c00000, 0x0000000088d00000|  0%| F|  |TAMS 0x0000000088c00000, 0x0000000088c00000| Untracked 
|  45|0x0000000088d00000, 0x0000000088d00000, 0x0000000088e00000|  0%| F|  |TAMS 0x0000000088d00000, 0x0000000088d00000| Untracked 
|  46|0x0000000088e00000, 0x0000000088f00000, 0x0000000088f00000|100%| O|  |TAMS 0x0000000088f00000, 0x0000000088f00000| Untracked 
|  47|0x0000000088f00000, 0x0000000089000000, 0x0000000089000000|100%| O|  |TAMS 0x0000000089000000, 0x0000000089000000| Untracked 
|  48|0x0000000089000000, 0x0000000089100000, 0x0000000089100000|100%| O|  |TAMS 0x0000000089000000, 0x0000000089100000| Untracked 
|  49|0x0000000089100000, 0x0000000089200000, 0x0000000089200000|100%| O|  |TAMS 0x0000000089200000, 0x0000000089200000| Untracked 
|  50|0x0000000089200000, 0x0000000089300000, 0x0000000089300000|100%| O|  |TAMS 0x0000000089300000, 0x0000000089300000| Untracked 
|  51|0x0000000089300000, 0x0000000089400000, 0x0000000089400000|100%| O|  |TAMS 0x0000000089400000, 0x0000000089400000| Untracked 
|  52|0x0000000089400000, 0x0000000089500000, 0x0000000089500000|100%| O|  |TAMS 0x0000000089500000, 0x0000000089500000| Untracked 
|  53|0x0000000089500000, 0x0000000089600000, 0x0000000089600000|100%| O|  |TAMS 0x0000000089600000, 0x0000000089600000| Untracked 
|  54|0x0000000089600000, 0x0000000089700000, 0x0000000089700000|100%| O|  |TAMS 0x0000000089700000, 0x0000000089700000| Untracked 
|  55|0x0000000089700000, 0x0000000089800000, 0x0000000089800000|100%| O|  |TAMS 0x0000000089800000, 0x0000000089800000| Untracked 
|  56|0x0000000089800000, 0x0000000089900000, 0x0000000089900000|100%| O|  |TAMS 0x0000000089900000, 0x0000000089900000| Untracked 
|  57|0x0000000089900000, 0x0000000089a00000, 0x0000000089a00000|100%| O|  |TAMS 0x0000000089a00000, 0x0000000089a00000| Untracked 
|  58|0x0000000089a00000, 0x0000000089b00000, 0x0000000089b00000|100%| O|  |TAMS 0x0000000089b00000, 0x0000000089b00000| Untracked 
|  59|0x0000000089b00000, 0x0000000089c00000, 0x0000000089c00000|100%| O|  |TAMS 0x0000000089c00000, 0x0000000089c00000| Untracked 
|  60|0x0000000089c00000, 0x0000000089d00000, 0x0000000089d00000|100%| O|  |TAMS 0x0000000089c00000, 0x0000000089d00000| Untracked 
|  61|0x0000000089d00000, 0x0000000089e00000, 0x0000000089e00000|100%| O|  |TAMS 0x0000000089d00000, 0x0000000089e00000| Untracked 
|  62|0x0000000089e00000, 0x0000000089f00000, 0x0000000089f00000|100%| O|  |TAMS 0x0000000089e00000, 0x0000000089f00000| Untracked 
|  63|0x0000000089f00000, 0x000000008a000000, 0x000000008a000000|100%| O|  |TAMS 0x0000000089f00000, 0x000000008a000000| Untracked 
|  64|0x000000008a000000, 0x000000008a000000, 0x000000008a100000|  0%| F|  |TAMS 0x000000008a000000, 0x000000008a000000| Untracked 
|  65|0x000000008a100000, 0x000000008a200000, 0x000000008a200000|100%| O|  |TAMS 0x000000008a100000, 0x000000008a200000| Untracked 
|  66|0x000000008a200000, 0x000000008a300000, 0x000000008a300000|100%| O|  |TAMS 0x000000008a200000, 0x000000008a300000| Untracked 
|  67|0x000000008a300000, 0x000000008a400000, 0x000000008a400000|100%| O|  |TAMS 0x000000008a300000, 0x000000008a400000| Untracked 
|  68|0x000000008a400000, 0x000000008a500000, 0x000000008a500000|100%| O|  |TAMS 0x000000008a500000, 0x000000008a500000| Untracked 
|  69|0x000000008a500000, 0x000000008a600000, 0x000000008a600000|100%| O|  |TAMS 0x000000008a500000, 0x000000008a600000| Untracked 
|  70|0x000000008a600000, 0x000000008a700000, 0x000000008a700000|100%| O|  |TAMS 0x000000008a700000, 0x000000008a700000| Untracked 
|  71|0x000000008a700000, 0x000000008a800000, 0x000000008a800000|100%| O|  |TAMS 0x000000008a700000, 0x000000008a800000| Untracked 
|  72|0x000000008a800000, 0x000000008a900000, 0x000000008a900000|100%| O|  |TAMS 0x000000008a800000, 0x000000008a900000| Untracked 
|  73|0x000000008a900000, 0x000000008aa00000, 0x000000008aa00000|100%| O|  |TAMS 0x000000008a900000, 0x000000008aa00000| Untracked 
|  74|0x000000008aa00000, 0x000000008ab00000, 0x000000008ab00000|100%| O|  |TAMS 0x000000008aa00000, 0x000000008ab00000| Untracked 
|  75|0x000000008ab00000, 0x000000008ac00000, 0x000000008ac00000|100%| O|  |TAMS 0x000000008ab00000, 0x000000008ac00000| Untracked 
|  76|0x000000008ac00000, 0x000000008ad00000, 0x000000008ad00000|100%| O|  |TAMS 0x000000008ac00000, 0x000000008ad00000| Untracked 
|  77|0x000000008ad00000, 0x000000008ae00000, 0x000000008ae00000|100%| O|  |TAMS 0x000000008ad00000, 0x000000008ae00000| Untracked 
|  78|0x000000008ae00000, 0x000000008af00000, 0x000000008af00000|100%| O|  |TAMS 0x000000008ae00000, 0x000000008af00000| Untracked 
|  79|0x000000008af00000, 0x000000008af00000, 0x000000008b000000|  0%| F|  |TAMS 0x000000008af00000, 0x000000008af00000| Untracked 
|  80|0x000000008b000000, 0x000000008b000000, 0x000000008b100000|  0%| F|  |TAMS 0x000000008b000000, 0x000000008b000000| Untracked 
|  81|0x000000008b100000, 0x000000008b200000, 0x000000008b200000|100%| O|  |TAMS 0x000000008b100000, 0x000000008b200000| Untracked 
|  82|0x000000008b200000, 0x000000008b200000, 0x000000008b300000|  0%| F|  |TAMS 0x000000008b200000, 0x000000008b200000| Untracked 
|  83|0x000000008b300000, 0x000000008b300000, 0x000000008b400000|  0%| F|  |TAMS 0x000000008b300000, 0x000000008b300000| Untracked 
|  84|0x000000008b400000, 0x000000008b500000, 0x000000008b500000|100%| O|  |TAMS 0x000000008b500000, 0x000000008b500000| Untracked 
|  85|0x000000008b500000, 0x000000008b500000, 0x000000008b600000|  0%| F|  |TAMS 0x000000008b500000, 0x000000008b500000| Untracked 
|  86|0x000000008b600000, 0x000000008b700000, 0x000000008b700000|100%| O|  |TAMS 0x000000008b600000, 0x000000008b700000| Untracked 
|  87|0x000000008b700000, 0x000000008b700000, 0x000000008b800000|  0%| F|  |TAMS 0x000000008b700000, 0x000000008b700000| Untracked 
|  88|0x000000008b800000, 0x000000008b900000, 0x000000008b900000|100%| O|  |TAMS 0x000000008b900000, 0x000000008b900000| Untracked 
|  89|0x000000008b900000, 0x000000008ba00000, 0x000000008ba00000|100%| O|  |TAMS 0x000000008ba00000, 0x000000008ba00000| Untracked 
|  90|0x000000008ba00000, 0x000000008bb00000, 0x000000008bb00000|100%| O|  |TAMS 0x000000008bb00000, 0x000000008bb00000| Untracked 
|  91|0x000000008bb00000, 0x000000008bc00000, 0x000000008bc00000|100%| O|  |TAMS 0x000000008bb00000, 0x000000008bc00000| Untracked 
|  92|0x000000008bc00000, 0x000000008bc00000, 0x000000008bd00000|  0%| F|  |TAMS 0x000000008bc00000, 0x000000008bc00000| Untracked 
|  93|0x000000008bd00000, 0x000000008bd00000, 0x000000008be00000|  0%| F|  |TAMS 0x000000008bd00000, 0x000000008bd00000| Untracked 
|  94|0x000000008be00000, 0x000000008be00000, 0x000000008bf00000|  0%| F|  |TAMS 0x000000008be00000, 0x000000008be00000| Untracked 
|  95|0x000000008bf00000, 0x000000008bf00000, 0x000000008c000000|  0%| F|  |TAMS 0x000000008bf00000, 0x000000008bf00000| Untracked 
|  96|0x000000008c000000, 0x000000008c100000, 0x000000008c100000|100%| O|  |TAMS 0x000000008c000000, 0x000000008c100000| Untracked 
|  97|0x000000008c100000, 0x000000008c200000, 0x000000008c200000|100%| O|  |TAMS 0x000000008c200000, 0x000000008c200000| Untracked 
|  98|0x000000008c200000, 0x000000008c300000, 0x000000008c300000|100%| O|  |TAMS 0x000000008c300000, 0x000000008c300000| Untracked 
|  99|0x000000008c300000, 0x000000008c400000, 0x000000008c400000|100%| O|  |TAMS 0x000000008c300000, 0x000000008c400000| Untracked 
| 100|0x000000008c400000, 0x000000008c400000, 0x000000008c500000|  0%| F|  |TAMS 0x000000008c400000, 0x000000008c400000| Untracked 
| 101|0x000000008c500000, 0x000000008c500000, 0x000000008c600000|  0%| F|  |TAMS 0x000000008c500000, 0x000000008c500000| Untracked 
| 102|0x000000008c600000, 0x000000008c600000, 0x000000008c700000|  0%| F|  |TAMS 0x000000008c600000, 0x000000008c600000| Untracked 
| 103|0x000000008c700000, 0x000000008c7f9000, 0x000000008c800000| 97%| O|  |TAMS 0x000000008c7f9000, 0x000000008c7f9000| Untracked 
| 104|0x000000008c800000, 0x000000008c900000, 0x000000008c900000|100%| O|  |TAMS 0x000000008c800000, 0x000000008c900000| Untracked 
| 105|0x000000008c900000, 0x000000008ca00000, 0x000000008ca00000|100%| O|  |TAMS 0x000000008c900000, 0x000000008ca00000| Untracked 
| 106|0x000000008ca00000, 0x000000008cb00000, 0x000000008cb00000|100%| O|  |TAMS 0x000000008ca00000, 0x000000008cb00000| Untracked 
| 107|0x000000008cb00000, 0x000000008cc00000, 0x000000008cc00000|100%| O|  |TAMS 0x000000008cb00000, 0x000000008cc00000| Untracked 
| 108|0x000000008cc00000, 0x000000008cd00000, 0x000000008cd00000|100%| O|  |TAMS 0x000000008cc00000, 0x000000008cd00000| Untracked 
| 109|0x000000008cd00000, 0x000000008ce00000, 0x000000008ce00000|100%| O|  |TAMS 0x000000008cd00000, 0x000000008ce00000| Untracked 
| 110|0x000000008ce00000, 0x000000008cf00000, 0x000000008cf00000|100%| O|  |TAMS 0x000000008ce00000, 0x000000008cf00000| Untracked 
| 111|0x000000008cf00000, 0x000000008d000000, 0x000000008d000000|100%| O|  |TAMS 0x000000008cf00000, 0x000000008d000000| Untracked 
| 112|0x000000008d000000, 0x000000008d100000, 0x000000008d100000|100%| O|  |TAMS 0x000000008d000000, 0x000000008d100000| Untracked 
| 113|0x000000008d100000, 0x000000008d200000, 0x000000008d200000|100%| O|  |TAMS 0x000000008d100000, 0x000000008d200000| Untracked 
| 114|0x000000008d200000, 0x000000008d300000, 0x000000008d300000|100%| O|  |TAMS 0x000000008d200000, 0x000000008d300000| Untracked 
| 115|0x000000008d300000, 0x000000008d400000, 0x000000008d400000|100%| O|  |TAMS 0x000000008d300000, 0x000000008d400000| Untracked 
| 116|0x000000008d400000, 0x000000008d500000, 0x000000008d500000|100%| O|  |TAMS 0x000000008d400000, 0x000000008d500000| Untracked 
| 117|0x000000008d500000, 0x000000008d600000, 0x000000008d600000|100%| O|  |TAMS 0x000000008d500000, 0x000000008d600000| Untracked 
| 118|0x000000008d600000, 0x000000008d700000, 0x000000008d700000|100%| O|  |TAMS 0x000000008d600000, 0x000000008d700000| Untracked 
| 119|0x000000008d700000, 0x000000008d800000, 0x000000008d800000|100%| O|  |TAMS 0x000000008d700000, 0x000000008d800000| Untracked 
| 120|0x000000008d800000, 0x000000008d900000, 0x000000008d900000|100%| O|  |TAMS 0x000000008d800000, 0x000000008d900000| Untracked 
| 121|0x000000008d900000, 0x000000008da00000, 0x000000008da00000|100%| O|  |TAMS 0x000000008d900000, 0x000000008da00000| Untracked 
| 122|0x000000008da00000, 0x000000008db00000, 0x000000008db00000|100%| O|  |TAMS 0x000000008da00000, 0x000000008db00000| Untracked 
| 123|0x000000008db00000, 0x000000008dc00000, 0x000000008dc00000|100%| O|  |TAMS 0x000000008db00000, 0x000000008dc00000| Untracked 
| 124|0x000000008dc00000, 0x000000008dd00000, 0x000000008dd00000|100%| O|  |TAMS 0x000000008dc00000, 0x000000008dd00000| Untracked 
| 125|0x000000008dd00000, 0x000000008de00000, 0x000000008de00000|100%| O|  |TAMS 0x000000008dd00000, 0x000000008de00000| Untracked 
| 126|0x000000008de00000, 0x000000008df00000, 0x000000008df00000|100%| O|  |TAMS 0x000000008de00000, 0x000000008df00000| Untracked 
| 127|0x000000008df00000, 0x000000008e000000, 0x000000008e000000|100%| O|  |TAMS 0x000000008df00000, 0x000000008e000000| Untracked 
| 128|0x000000008e000000, 0x000000008e100000, 0x000000008e100000|100%| O|  |TAMS 0x000000008e100000, 0x000000008e100000| Untracked 
| 129|0x000000008e100000, 0x000000008e200000, 0x000000008e200000|100%| O|  |TAMS 0x000000008e100000, 0x000000008e200000| Untracked 
| 130|0x000000008e200000, 0x000000008e26d400, 0x000000008e300000| 42%| O|  |TAMS 0x000000008e200000, 0x000000008e26d400| Untracked 
| 131|0x000000008e300000, 0x000000008e400000, 0x000000008e400000|100%| O|  |TAMS 0x000000008e400000, 0x000000008e400000| Untracked 
| 132|0x000000008e400000, 0x000000008e400000, 0x000000008e500000|  0%| F|  |TAMS 0x000000008e400000, 0x000000008e400000| Untracked 
| 133|0x000000008e500000, 0x000000008e500000, 0x000000008e600000|  0%| F|  |TAMS 0x000000008e500000, 0x000000008e500000| Untracked 
| 134|0x000000008e600000, 0x000000008e600000, 0x000000008e700000|  0%| F|  |TAMS 0x000000008e600000, 0x000000008e600000| Untracked 
| 135|0x000000008e700000, 0x000000008e700000, 0x000000008e800000|  0%| F|  |TAMS 0x000000008e700000, 0x000000008e700000| Untracked 
| 136|0x000000008e800000, 0x000000008e800000, 0x000000008e900000|  0%| F|  |TAMS 0x000000008e800000, 0x000000008e800000| Untracked 
| 137|0x000000008e900000, 0x000000008e900000, 0x000000008ea00000|  0%| F|  |TAMS 0x000000008e900000, 0x000000008e900000| Untracked 
| 138|0x000000008ea00000, 0x000000008eb00000, 0x000000008eb00000|100%| O|  |TAMS 0x000000008eb00000, 0x000000008eb00000| Untracked 
| 139|0x000000008eb00000, 0x000000008eb00000, 0x000000008ec00000|  0%| F|  |TAMS 0x000000008eb00000, 0x000000008eb00000| Untracked 
| 140|0x000000008ec00000, 0x000000008ec00000, 0x000000008ed00000|  0%| F|  |TAMS 0x000000008ec00000, 0x000000008ec00000| Untracked 
| 141|0x000000008ed00000, 0x000000008ed00000, 0x000000008ee00000|  0%| F|  |TAMS 0x000000008ed00000, 0x000000008ed00000| Untracked 
| 142|0x000000008ee00000, 0x000000008ee00000, 0x000000008ef00000|  0%| F|  |TAMS 0x000000008ee00000, 0x000000008ee00000| Untracked 
| 143|0x000000008ef00000, 0x000000008ef00000, 0x000000008f000000|  0%| F|  |TAMS 0x000000008ef00000, 0x000000008ef00000| Untracked 
| 144|0x000000008f000000, 0x000000008f000000, 0x000000008f100000|  0%| F|  |TAMS 0x000000008f000000, 0x000000008f000000| Untracked 
| 145|0x000000008f100000, 0x000000008f100000, 0x000000008f200000|  0%| F|  |TAMS 0x000000008f100000, 0x000000008f100000| Untracked 
| 146|0x000000008f200000, 0x000000008f200000, 0x000000008f300000|  0%| F|  |TAMS 0x000000008f200000, 0x000000008f200000| Untracked 
| 147|0x000000008f300000, 0x000000008f300000, 0x000000008f400000|  0%| F|  |TAMS 0x000000008f300000, 0x000000008f300000| Untracked 
| 148|0x000000008f400000, 0x000000008f400000, 0x000000008f500000|  0%| F|  |TAMS 0x000000008f400000, 0x000000008f400000| Untracked 
| 149|0x000000008f500000, 0x000000008f500000, 0x000000008f600000|  0%| F|  |TAMS 0x000000008f500000, 0x000000008f500000| Untracked 
| 150|0x000000008f600000, 0x000000008f600000, 0x000000008f700000|  0%| F|  |TAMS 0x000000008f600000, 0x000000008f600000| Untracked 
| 151|0x000000008f700000, 0x000000008f700000, 0x000000008f800000|  0%| F|  |TAMS 0x000000008f700000, 0x000000008f700000| Untracked 
| 152|0x000000008f800000, 0x000000008f800000, 0x000000008f900000|  0%| F|  |TAMS 0x000000008f800000, 0x000000008f800000| Untracked 
| 153|0x000000008f900000, 0x000000008f900000, 0x000000008fa00000|  0%| F|  |TAMS 0x000000008f900000, 0x000000008f900000| Untracked 
| 154|0x000000008fa00000, 0x000000008fa00000, 0x000000008fb00000|  0%| F|  |TAMS 0x000000008fa00000, 0x000000008fa00000| Untracked 
| 155|0x000000008fb00000, 0x000000008fb00000, 0x000000008fc00000|  0%| F|  |TAMS 0x000000008fb00000, 0x000000008fb00000| Untracked 
| 156|0x000000008fc00000, 0x000000008fc00000, 0x000000008fd00000|  0%| F|  |TAMS 0x000000008fc00000, 0x000000008fc00000| Untracked 
| 157|0x000000008fd00000, 0x000000008fd00000, 0x000000008fe00000|  0%| F|  |TAMS 0x000000008fd00000, 0x000000008fd00000| Untracked 
| 158|0x000000008fe00000, 0x000000008fe00000, 0x000000008ff00000|  0%| F|  |TAMS 0x000000008fe00000, 0x000000008fe00000| Untracked 
| 159|0x000000008ff00000, 0x000000008ff00000, 0x0000000090000000|  0%| F|  |TAMS 0x000000008ff00000, 0x000000008ff00000| Untracked 
| 160|0x0000000090000000, 0x0000000090000000, 0x0000000090100000|  0%| F|  |TAMS 0x0000000090000000, 0x0000000090000000| Untracked 
| 161|0x0000000090100000, 0x0000000090100000, 0x0000000090200000|  0%| F|  |TAMS 0x0000000090100000, 0x0000000090100000| Untracked 
| 162|0x0000000090200000, 0x0000000090200000, 0x0000000090300000|  0%| F|  |TAMS 0x0000000090200000, 0x0000000090200000| Untracked 
| 163|0x0000000090300000, 0x0000000090300000, 0x0000000090400000|  0%| F|  |TAMS 0x0000000090300000, 0x0000000090300000| Untracked 
| 164|0x0000000090400000, 0x0000000090400000, 0x0000000090500000|  0%| F|  |TAMS 0x0000000090400000, 0x0000000090400000| Untracked 
| 165|0x0000000090500000, 0x0000000090500000, 0x0000000090600000|  0%| F|  |TAMS 0x0000000090500000, 0x0000000090500000| Untracked 
| 166|0x0000000090600000, 0x0000000090600000, 0x0000000090700000|  0%| F|  |TAMS 0x0000000090600000, 0x0000000090600000| Untracked 
| 167|0x0000000090700000, 0x0000000090700000, 0x0000000090800000|  0%| F|  |TAMS 0x0000000090700000, 0x0000000090700000| Untracked 
| 168|0x0000000090800000, 0x0000000090800000, 0x0000000090900000|  0%| F|  |TAMS 0x0000000090800000, 0x0000000090800000| Untracked 
| 169|0x0000000090900000, 0x0000000090900000, 0x0000000090a00000|  0%| F|  |TAMS 0x0000000090900000, 0x0000000090900000| Untracked 
| 170|0x0000000090a00000, 0x0000000090a00000, 0x0000000090b00000|  0%| F|  |TAMS 0x0000000090a00000, 0x0000000090a00000| Untracked 
| 171|0x0000000090b00000, 0x0000000090b00000, 0x0000000090c00000|  0%| F|  |TAMS 0x0000000090b00000, 0x0000000090b00000| Untracked 
| 172|0x0000000090c00000, 0x0000000090c00000, 0x0000000090d00000|  0%| F|  |TAMS 0x0000000090c00000, 0x0000000090c00000| Untracked 
| 173|0x0000000090d00000, 0x0000000090d00000, 0x0000000090e00000|  0%| F|  |TAMS 0x0000000090d00000, 0x0000000090d00000| Untracked 
| 174|0x0000000090e00000, 0x0000000090e00000, 0x0000000090f00000|  0%| F|  |TAMS 0x0000000090e00000, 0x0000000090e00000| Untracked 
| 175|0x0000000090f00000, 0x0000000090f00000, 0x0000000091000000|  0%| F|  |TAMS 0x0000000090f00000, 0x0000000090f00000| Untracked 
| 176|0x0000000091000000, 0x0000000091000000, 0x0000000091100000|  0%| F|  |TAMS 0x0000000091000000, 0x0000000091000000| Untracked 
| 177|0x0000000091100000, 0x0000000091100000, 0x0000000091200000|  0%| F|  |TAMS 0x0000000091100000, 0x0000000091100000| Untracked 
| 178|0x0000000091200000, 0x0000000091200000, 0x0000000091300000|  0%| F|  |TAMS 0x0000000091200000, 0x0000000091200000| Untracked 
| 179|0x0000000091300000, 0x0000000091300000, 0x0000000091400000|  0%| F|  |TAMS 0x0000000091300000, 0x0000000091300000| Untracked 
| 180|0x0000000091400000, 0x0000000091400000, 0x0000000091500000|  0%| F|  |TAMS 0x0000000091400000, 0x0000000091400000| Untracked 
| 181|0x0000000091500000, 0x0000000091500000, 0x0000000091600000|  0%| F|  |TAMS 0x0000000091500000, 0x0000000091500000| Untracked 
| 182|0x0000000091600000, 0x0000000091600000, 0x0000000091700000|  0%| F|  |TAMS 0x0000000091600000, 0x0000000091600000| Untracked 
| 183|0x0000000091700000, 0x0000000091700000, 0x0000000091800000|  0%| F|  |TAMS 0x0000000091700000, 0x0000000091700000| Untracked 
| 184|0x0000000091800000, 0x0000000091800000, 0x0000000091900000|  0%| F|  |TAMS 0x0000000091800000, 0x0000000091800000| Untracked 
| 185|0x0000000091900000, 0x0000000091900000, 0x0000000091a00000|  0%| F|  |TAMS 0x0000000091900000, 0x0000000091900000| Untracked 
| 186|0x0000000091a00000, 0x0000000091a00000, 0x0000000091b00000|  0%| F|  |TAMS 0x0000000091a00000, 0x0000000091a00000| Untracked 
| 187|0x0000000091b00000, 0x0000000091b00000, 0x0000000091c00000|  0%| F|  |TAMS 0x0000000091b00000, 0x0000000091b00000| Untracked 
| 188|0x0000000091c00000, 0x0000000091c00000, 0x0000000091d00000|  0%| F|  |TAMS 0x0000000091c00000, 0x0000000091c00000| Untracked 
| 189|0x0000000091d00000, 0x0000000091d00000, 0x0000000091e00000|  0%| F|  |TAMS 0x0000000091d00000, 0x0000000091d00000| Untracked 
| 190|0x0000000091e00000, 0x0000000091e00000, 0x0000000091f00000|  0%| F|  |TAMS 0x0000000091e00000, 0x0000000091e00000| Untracked 
| 191|0x0000000091f00000, 0x0000000091f00000, 0x0000000092000000|  0%| F|  |TAMS 0x0000000091f00000, 0x0000000091f00000| Untracked 
| 192|0x0000000092000000, 0x0000000092000000, 0x0000000092100000|  0%| F|  |TAMS 0x0000000092000000, 0x0000000092000000| Untracked 
| 193|0x0000000092100000, 0x0000000092100000, 0x0000000092200000|  0%| F|  |TAMS 0x0000000092100000, 0x0000000092100000| Untracked 
| 194|0x0000000092200000, 0x0000000092200000, 0x0000000092300000|  0%| F|  |TAMS 0x0000000092200000, 0x0000000092200000| Untracked 
| 195|0x0000000092300000, 0x0000000092300000, 0x0000000092400000|  0%| F|  |TAMS 0x0000000092300000, 0x0000000092300000| Untracked 
| 196|0x0000000092400000, 0x0000000092400000, 0x0000000092500000|  0%| F|  |TAMS 0x0000000092400000, 0x0000000092400000| Untracked 
| 197|0x0000000092500000, 0x0000000092500000, 0x0000000092600000|  0%| F|  |TAMS 0x0000000092500000, 0x0000000092500000| Untracked 
| 198|0x0000000092600000, 0x0000000092600000, 0x0000000092700000|  0%| F|  |TAMS 0x0000000092600000, 0x0000000092600000| Untracked 
| 199|0x0000000092700000, 0x0000000092700000, 0x0000000092800000|  0%| F|  |TAMS 0x0000000092700000, 0x0000000092700000| Untracked 
| 200|0x0000000092800000, 0x0000000092800000, 0x0000000092900000|  0%| F|  |TAMS 0x0000000092800000, 0x0000000092800000| Untracked 
| 201|0x0000000092900000, 0x0000000092900000, 0x0000000092a00000|  0%| F|  |TAMS 0x0000000092900000, 0x0000000092900000| Untracked 
| 202|0x0000000092a00000, 0x0000000092a00000, 0x0000000092b00000|  0%| F|  |TAMS 0x0000000092a00000, 0x0000000092a00000| Untracked 
| 203|0x0000000092b00000, 0x0000000092b00000, 0x0000000092c00000|  0%| F|  |TAMS 0x0000000092b00000, 0x0000000092b00000| Untracked 
| 204|0x0000000092c00000, 0x0000000092c00000, 0x0000000092d00000|  0%| F|  |TAMS 0x0000000092c00000, 0x0000000092c00000| Untracked 
| 205|0x0000000092d00000, 0x0000000092d00000, 0x0000000092e00000|  0%| F|  |TAMS 0x0000000092d00000, 0x0000000092d00000| Untracked 
| 206|0x0000000092e00000, 0x0000000092e00000, 0x0000000092f00000|  0%| F|  |TAMS 0x0000000092e00000, 0x0000000092e00000| Untracked 
| 207|0x0000000092f00000, 0x0000000092f00000, 0x0000000093000000|  0%| F|  |TAMS 0x0000000092f00000, 0x0000000092f00000| Untracked 
| 208|0x0000000093000000, 0x0000000093000000, 0x0000000093100000|  0%| F|  |TAMS 0x0000000093000000, 0x0000000093000000| Untracked 
| 209|0x0000000093100000, 0x0000000093100000, 0x0000000093200000|  0%| F|  |TAMS 0x0000000093100000, 0x0000000093100000| Untracked 
| 210|0x0000000093200000, 0x0000000093200000, 0x0000000093300000|  0%| F|  |TAMS 0x0000000093200000, 0x0000000093200000| Untracked 
| 211|0x0000000093300000, 0x0000000093300000, 0x0000000093400000|  0%| F|  |TAMS 0x0000000093300000, 0x0000000093300000| Untracked 
| 212|0x0000000093400000, 0x0000000093400000, 0x0000000093500000|  0%| F|  |TAMS 0x0000000093400000, 0x0000000093400000| Untracked 
| 213|0x0000000093500000, 0x0000000093500000, 0x0000000093600000|  0%| F|  |TAMS 0x0000000093500000, 0x0000000093500000| Untracked 
| 214|0x0000000093600000, 0x0000000093600000, 0x0000000093700000|  0%| F|  |TAMS 0x0000000093600000, 0x0000000093600000| Untracked 
| 215|0x0000000093700000, 0x0000000093700000, 0x0000000093800000|  0%| F|  |TAMS 0x0000000093700000, 0x0000000093700000| Untracked 
| 216|0x0000000093800000, 0x0000000093800000, 0x0000000093900000|  0%| F|  |TAMS 0x0000000093800000, 0x0000000093800000| Untracked 
| 217|0x0000000093900000, 0x0000000093900000, 0x0000000093a00000|  0%| F|  |TAMS 0x0000000093900000, 0x0000000093900000| Untracked 
| 218|0x0000000093a00000, 0x0000000093a00000, 0x0000000093b00000|  0%| F|  |TAMS 0x0000000093a00000, 0x0000000093a00000| Untracked 
| 219|0x0000000093b00000, 0x0000000093b00000, 0x0000000093c00000|  0%| F|  |TAMS 0x0000000093b00000, 0x0000000093b00000| Untracked 
| 220|0x0000000093c00000, 0x0000000093c00000, 0x0000000093d00000|  0%| F|  |TAMS 0x0000000093c00000, 0x0000000093c00000| Untracked 
| 221|0x0000000093d00000, 0x0000000093d00000, 0x0000000093e00000|  0%| F|  |TAMS 0x0000000093d00000, 0x0000000093d00000| Untracked 
| 222|0x0000000093e00000, 0x0000000093e00000, 0x0000000093f00000|  0%| F|  |TAMS 0x0000000093e00000, 0x0000000093e00000| Untracked 
| 223|0x0000000093f00000, 0x0000000093f00000, 0x0000000094000000|  0%| F|  |TAMS 0x0000000093f00000, 0x0000000093f00000| Untracked 
| 224|0x0000000094000000, 0x0000000094000000, 0x0000000094100000|  0%| F|  |TAMS 0x0000000094000000, 0x0000000094000000| Untracked 
| 225|0x0000000094100000, 0x0000000094100000, 0x0000000094200000|  0%| F|  |TAMS 0x0000000094100000, 0x0000000094100000| Untracked 
| 226|0x0000000094200000, 0x0000000094200000, 0x0000000094300000|  0%| F|  |TAMS 0x0000000094200000, 0x0000000094200000| Untracked 
| 227|0x0000000094300000, 0x0000000094300000, 0x0000000094400000|  0%| F|  |TAMS 0x0000000094300000, 0x0000000094300000| Untracked 
| 228|0x0000000094400000, 0x0000000094400000, 0x0000000094500000|  0%| F|  |TAMS 0x0000000094400000, 0x0000000094400000| Untracked 
| 229|0x0000000094500000, 0x0000000094500000, 0x0000000094600000|  0%| F|  |TAMS 0x0000000094500000, 0x0000000094500000| Untracked 
| 230|0x0000000094600000, 0x0000000094600000, 0x0000000094700000|  0%| F|  |TAMS 0x0000000094600000, 0x0000000094600000| Untracked 
| 231|0x0000000094700000, 0x0000000094700000, 0x0000000094800000|  0%| F|  |TAMS 0x0000000094700000, 0x0000000094700000| Untracked 
| 232|0x0000000094800000, 0x0000000094800000, 0x0000000094900000|  0%| F|  |TAMS 0x0000000094800000, 0x0000000094800000| Untracked 
| 233|0x0000000094900000, 0x0000000094900000, 0x0000000094a00000|  0%| F|  |TAMS 0x0000000094900000, 0x0000000094900000| Untracked 
| 234|0x0000000094a00000, 0x0000000094a00000, 0x0000000094b00000|  0%| F|  |TAMS 0x0000000094a00000, 0x0000000094a00000| Untracked 
| 235|0x0000000094b00000, 0x0000000094b00000, 0x0000000094c00000|  0%| F|  |TAMS 0x0000000094b00000, 0x0000000094b00000| Untracked 
| 236|0x0000000094c00000, 0x0000000094c00000, 0x0000000094d00000|  0%| F|  |TAMS 0x0000000094c00000, 0x0000000094c00000| Untracked 
| 237|0x0000000094d00000, 0x0000000094d00000, 0x0000000094e00000|  0%| F|  |TAMS 0x0000000094d00000, 0x0000000094d00000| Untracked 
| 238|0x0000000094e00000, 0x0000000094e00000, 0x0000000094f00000|  0%| F|  |TAMS 0x0000000094e00000, 0x0000000094e00000| Untracked 
| 239|0x0000000094f00000, 0x0000000094f00000, 0x0000000095000000|  0%| F|  |TAMS 0x0000000094f00000, 0x0000000094f00000| Untracked 
| 240|0x0000000095000000, 0x0000000095000000, 0x0000000095100000|  0%| F|  |TAMS 0x0000000095000000, 0x0000000095000000| Untracked 
| 241|0x0000000095100000, 0x0000000095100000, 0x0000000095200000|  0%| F|  |TAMS 0x0000000095100000, 0x0000000095100000| Untracked 
| 242|0x0000000095200000, 0x0000000095200000, 0x0000000095300000|  0%| F|  |TAMS 0x0000000095200000, 0x0000000095200000| Untracked 
| 243|0x0000000095300000, 0x0000000095300000, 0x0000000095400000|  0%| F|  |TAMS 0x0000000095300000, 0x0000000095300000| Untracked 
| 244|0x0000000095400000, 0x0000000095400000, 0x0000000095500000|  0%| F|  |TAMS 0x0000000095400000, 0x0000000095400000| Untracked 
| 245|0x0000000095500000, 0x0000000095500000, 0x0000000095600000|  0%| F|  |TAMS 0x0000000095500000, 0x0000000095500000| Untracked 
| 246|0x0000000095600000, 0x0000000095600000, 0x0000000095700000|  0%| F|  |TAMS 0x0000000095600000, 0x0000000095600000| Untracked 
| 247|0x0000000095700000, 0x0000000095700000, 0x0000000095800000|  0%| F|  |TAMS 0x0000000095700000, 0x0000000095700000| Untracked 
| 248|0x0000000095800000, 0x0000000095800000, 0x0000000095900000|  0%| F|  |TAMS 0x0000000095800000, 0x0000000095800000| Untracked 
| 249|0x0000000095900000, 0x0000000095900000, 0x0000000095a00000|  0%| F|  |TAMS 0x0000000095900000, 0x0000000095900000| Untracked 
| 250|0x0000000095a00000, 0x0000000095a899a0, 0x0000000095b00000| 53%| S|CS|TAMS 0x0000000095a00000, 0x0000000095a00000| Complete 
| 251|0x0000000095b00000, 0x0000000095c00000, 0x0000000095c00000|100%| S|CS|TAMS 0x0000000095b00000, 0x0000000095b00000| Complete 
| 252|0x0000000095c00000, 0x0000000095d00000, 0x0000000095d00000|100%| S|CS|TAMS 0x0000000095c00000, 0x0000000095c00000| Complete 
| 253|0x0000000095d00000, 0x0000000095e00000, 0x0000000095e00000|100%| S|CS|TAMS 0x0000000095d00000, 0x0000000095d00000| Complete 
| 254|0x0000000095e00000, 0x0000000095f00000, 0x0000000095f00000|100%| S|CS|TAMS 0x0000000095e00000, 0x0000000095e00000| Complete 
| 255|0x0000000095f00000, 0x0000000096000000, 0x0000000096000000|100%| S|CS|TAMS 0x0000000095f00000, 0x0000000095f00000| Complete 
| 256|0x0000000096000000, 0x0000000096100000, 0x0000000096100000|100%| S|CS|TAMS 0x0000000096000000, 0x0000000096000000| Complete 
| 257|0x0000000096100000, 0x0000000096200000, 0x0000000096200000|100%| S|CS|TAMS 0x0000000096100000, 0x0000000096100000| Complete 
| 258|0x0000000096200000, 0x0000000096300000, 0x0000000096300000|100%| S|CS|TAMS 0x0000000096200000, 0x0000000096200000| Complete 
| 259|0x0000000096300000, 0x0000000096400000, 0x0000000096400000|100%| S|CS|TAMS 0x0000000096300000, 0x0000000096300000| Complete 
| 260|0x0000000096400000, 0x0000000096500000, 0x0000000096500000|100%| S|CS|TAMS 0x0000000096400000, 0x0000000096400000| Complete 
| 261|0x0000000096500000, 0x0000000096600000, 0x0000000096600000|100%| S|CS|TAMS 0x0000000096500000, 0x0000000096500000| Complete 
| 262|0x0000000096600000, 0x0000000096700000, 0x0000000096700000|100%| S|CS|TAMS 0x0000000096600000, 0x0000000096600000| Complete 
| 263|0x0000000096700000, 0x0000000096700000, 0x0000000096800000|  0%| F|  |TAMS 0x0000000096700000, 0x0000000096700000| Untracked 
| 264|0x0000000096800000, 0x0000000096800000, 0x0000000096900000|  0%| F|  |TAMS 0x0000000096800000, 0x0000000096800000| Untracked 
| 265|0x0000000096900000, 0x0000000096900000, 0x0000000096a00000|  0%| F|  |TAMS 0x0000000096900000, 0x0000000096900000| Untracked 
| 266|0x0000000096a00000, 0x0000000096a00000, 0x0000000096b00000|  0%| F|  |TAMS 0x0000000096a00000, 0x0000000096a00000| Untracked 
| 267|0x0000000096b00000, 0x0000000096b00000, 0x0000000096c00000|  0%| F|  |TAMS 0x0000000096b00000, 0x0000000096b00000| Untracked 
| 268|0x0000000096c00000, 0x0000000096c00000, 0x0000000096d00000|  0%| F|  |TAMS 0x0000000096c00000, 0x0000000096c00000| Untracked 
| 269|0x0000000096d00000, 0x0000000096d00000, 0x0000000096e00000|  0%| F|  |TAMS 0x0000000096d00000, 0x0000000096d00000| Untracked 
| 270|0x0000000096e00000, 0x0000000096e00000, 0x0000000096f00000|  0%| F|  |TAMS 0x0000000096e00000, 0x0000000096e00000| Untracked 
| 271|0x0000000096f00000, 0x0000000096f00000, 0x0000000097000000|  0%| F|  |TAMS 0x0000000096f00000, 0x0000000096f00000| Untracked 
| 272|0x0000000097000000, 0x0000000097000000, 0x0000000097100000|  0%| F|  |TAMS 0x0000000097000000, 0x0000000097000000| Untracked 
| 273|0x0000000097100000, 0x0000000097100000, 0x0000000097200000|  0%| F|  |TAMS 0x0000000097100000, 0x0000000097100000| Untracked 
| 274|0x0000000097200000, 0x0000000097200000, 0x0000000097300000|  0%| F|  |TAMS 0x0000000097200000, 0x0000000097200000| Untracked 
| 275|0x0000000097300000, 0x0000000097300000, 0x0000000097400000|  0%| F|  |TAMS 0x0000000097300000, 0x0000000097300000| Untracked 
| 276|0x0000000097400000, 0x0000000097400000, 0x0000000097500000|  0%| F|  |TAMS 0x0000000097400000, 0x0000000097400000| Untracked 
| 277|0x0000000097500000, 0x0000000097500000, 0x0000000097600000|  0%| F|  |TAMS 0x0000000097500000, 0x0000000097500000| Untracked 
| 278|0x0000000097600000, 0x0000000097600000, 0x0000000097700000|  0%| F|  |TAMS 0x0000000097600000, 0x0000000097600000| Untracked 
| 279|0x0000000097700000, 0x0000000097700000, 0x0000000097800000|  0%| F|  |TAMS 0x0000000097700000, 0x0000000097700000| Untracked 
| 280|0x0000000097800000, 0x0000000097800000, 0x0000000097900000|  0%| F|  |TAMS 0x0000000097800000, 0x0000000097800000| Untracked 
| 281|0x0000000097900000, 0x0000000097900000, 0x0000000097a00000|  0%| F|  |TAMS 0x0000000097900000, 0x0000000097900000| Untracked 
| 282|0x0000000097a00000, 0x0000000097a00000, 0x0000000097b00000|  0%| F|  |TAMS 0x0000000097a00000, 0x0000000097a00000| Untracked 
| 283|0x0000000097b00000, 0x0000000097b00000, 0x0000000097c00000|  0%| F|  |TAMS 0x0000000097b00000, 0x0000000097b00000| Untracked 
| 284|0x0000000097c00000, 0x0000000097c00000, 0x0000000097d00000|  0%| F|  |TAMS 0x0000000097c00000, 0x0000000097c00000| Untracked 
| 285|0x0000000097d00000, 0x0000000097d00000, 0x0000000097e00000|  0%| F|  |TAMS 0x0000000097d00000, 0x0000000097d00000| Untracked 
| 286|0x0000000097e00000, 0x0000000097e00000, 0x0000000097f00000|  0%| F|  |TAMS 0x0000000097e00000, 0x0000000097e00000| Untracked 
| 287|0x0000000097f00000, 0x0000000097f00000, 0x0000000098000000|  0%| F|  |TAMS 0x0000000097f00000, 0x0000000097f00000| Untracked 
| 288|0x0000000098000000, 0x0000000098000000, 0x0000000098100000|  0%| F|  |TAMS 0x0000000098000000, 0x0000000098000000| Untracked 
| 289|0x0000000098100000, 0x0000000098100000, 0x0000000098200000|  0%| F|  |TAMS 0x0000000098100000, 0x0000000098100000| Untracked 
| 290|0x0000000098200000, 0x0000000098200000, 0x0000000098300000|  0%| F|  |TAMS 0x0000000098200000, 0x0000000098200000| Untracked 
| 291|0x0000000098300000, 0x0000000098300000, 0x0000000098400000|  0%| F|  |TAMS 0x0000000098300000, 0x0000000098300000| Untracked 
| 292|0x0000000098400000, 0x0000000098400000, 0x0000000098500000|  0%| F|  |TAMS 0x0000000098400000, 0x0000000098400000| Untracked 
| 293|0x0000000098500000, 0x0000000098500000, 0x0000000098600000|  0%| F|  |TAMS 0x0000000098500000, 0x0000000098500000| Untracked 
| 294|0x0000000098600000, 0x0000000098600000, 0x0000000098700000|  0%| F|  |TAMS 0x0000000098600000, 0x0000000098600000| Untracked 
| 295|0x0000000098700000, 0x0000000098700000, 0x0000000098800000|  0%| F|  |TAMS 0x0000000098700000, 0x0000000098700000| Untracked 
| 296|0x0000000098800000, 0x0000000098800000, 0x0000000098900000|  0%| F|  |TAMS 0x0000000098800000, 0x0000000098800000| Untracked 
| 297|0x0000000098900000, 0x0000000098900000, 0x0000000098a00000|  0%| F|  |TAMS 0x0000000098900000, 0x0000000098900000| Untracked 
| 298|0x0000000098a00000, 0x0000000098a00000, 0x0000000098b00000|  0%| F|  |TAMS 0x0000000098a00000, 0x0000000098a00000| Untracked 
| 299|0x0000000098b00000, 0x0000000098b00000, 0x0000000098c00000|  0%| F|  |TAMS 0x0000000098b00000, 0x0000000098b00000| Untracked 
| 300|0x0000000098c00000, 0x0000000098c00000, 0x0000000098d00000|  0%| F|  |TAMS 0x0000000098c00000, 0x0000000098c00000| Untracked 
| 301|0x0000000098d00000, 0x0000000098d00000, 0x0000000098e00000|  0%| F|  |TAMS 0x0000000098d00000, 0x0000000098d00000| Untracked 
| 302|0x0000000098e00000, 0x0000000098e00000, 0x0000000098f00000|  0%| F|  |TAMS 0x0000000098e00000, 0x0000000098e00000| Untracked 
| 303|0x0000000098f00000, 0x0000000098f00000, 0x0000000099000000|  0%| F|  |TAMS 0x0000000098f00000, 0x0000000098f00000| Untracked 
| 304|0x0000000099000000, 0x0000000099000000, 0x0000000099100000|  0%| F|  |TAMS 0x0000000099000000, 0x0000000099000000| Untracked 
| 305|0x0000000099100000, 0x0000000099100000, 0x0000000099200000|  0%| F|  |TAMS 0x0000000099100000, 0x0000000099100000| Untracked 
| 306|0x0000000099200000, 0x0000000099200000, 0x0000000099300000|  0%| F|  |TAMS 0x0000000099200000, 0x0000000099200000| Untracked 
| 307|0x0000000099300000, 0x0000000099300000, 0x0000000099400000|  0%| F|  |TAMS 0x0000000099300000, 0x0000000099300000| Untracked 
| 308|0x0000000099400000, 0x0000000099400000, 0x0000000099500000|  0%| F|  |TAMS 0x0000000099400000, 0x0000000099400000| Untracked 
| 309|0x0000000099500000, 0x0000000099500000, 0x0000000099600000|  0%| F|  |TAMS 0x0000000099500000, 0x0000000099500000| Untracked 
| 310|0x0000000099600000, 0x0000000099600000, 0x0000000099700000|  0%| F|  |TAMS 0x0000000099600000, 0x0000000099600000| Untracked 
| 311|0x0000000099700000, 0x0000000099700000, 0x0000000099800000|  0%| F|  |TAMS 0x0000000099700000, 0x0000000099700000| Untracked 
| 312|0x0000000099800000, 0x0000000099800000, 0x0000000099900000|  0%| F|  |TAMS 0x0000000099800000, 0x0000000099800000| Untracked 
| 313|0x0000000099900000, 0x0000000099900000, 0x0000000099a00000|  0%| F|  |TAMS 0x0000000099900000, 0x0000000099900000| Untracked 
| 314|0x0000000099a00000, 0x0000000099a00000, 0x0000000099b00000|  0%| F|  |TAMS 0x0000000099a00000, 0x0000000099a00000| Untracked 
| 315|0x0000000099b00000, 0x0000000099b00000, 0x0000000099c00000|  0%| F|  |TAMS 0x0000000099b00000, 0x0000000099b00000| Untracked 
| 316|0x0000000099c00000, 0x0000000099c00000, 0x0000000099d00000|  0%| F|  |TAMS 0x0000000099c00000, 0x0000000099c00000| Untracked 
| 317|0x0000000099d00000, 0x0000000099d00000, 0x0000000099e00000|  0%| F|  |TAMS 0x0000000099d00000, 0x0000000099d00000| Untracked 
| 318|0x0000000099e00000, 0x0000000099e00000, 0x0000000099f00000|  0%| F|  |TAMS 0x0000000099e00000, 0x0000000099e00000| Untracked 
| 319|0x0000000099f00000, 0x0000000099f00000, 0x000000009a000000|  0%| F|  |TAMS 0x0000000099f00000, 0x0000000099f00000| Untracked 
| 320|0x000000009a000000, 0x000000009a000000, 0x000000009a100000|  0%| F|  |TAMS 0x000000009a000000, 0x000000009a000000| Untracked 
| 321|0x000000009a100000, 0x000000009a100000, 0x000000009a200000|  0%| F|  |TAMS 0x000000009a100000, 0x000000009a100000| Untracked 
| 322|0x000000009a200000, 0x000000009a200000, 0x000000009a300000|  0%| F|  |TAMS 0x000000009a200000, 0x000000009a200000| Untracked 
| 323|0x000000009a300000, 0x000000009a300000, 0x000000009a400000|  0%| F|  |TAMS 0x000000009a300000, 0x000000009a300000| Untracked 
| 324|0x000000009a400000, 0x000000009a400000, 0x000000009a500000|  0%| F|  |TAMS 0x000000009a400000, 0x000000009a400000| Untracked 
| 325|0x000000009a500000, 0x000000009a500000, 0x000000009a600000|  0%| F|  |TAMS 0x000000009a500000, 0x000000009a500000| Untracked 
| 326|0x000000009a600000, 0x000000009a600000, 0x000000009a700000|  0%| F|  |TAMS 0x000000009a600000, 0x000000009a600000| Untracked 
| 327|0x000000009a700000, 0x000000009a700000, 0x000000009a800000|  0%| F|  |TAMS 0x000000009a700000, 0x000000009a700000| Untracked 
| 328|0x000000009a800000, 0x000000009a800000, 0x000000009a900000|  0%| F|  |TAMS 0x000000009a800000, 0x000000009a800000| Untracked 
| 329|0x000000009a900000, 0x000000009a900000, 0x000000009aa00000|  0%| F|  |TAMS 0x000000009a900000, 0x000000009a900000| Untracked 
| 330|0x000000009aa00000, 0x000000009aa00000, 0x000000009ab00000|  0%| F|  |TAMS 0x000000009aa00000, 0x000000009aa00000| Untracked 
| 331|0x000000009ab00000, 0x000000009ab00000, 0x000000009ac00000|  0%| F|  |TAMS 0x000000009ab00000, 0x000000009ab00000| Untracked 
| 332|0x000000009ac00000, 0x000000009ac00000, 0x000000009ad00000|  0%| F|  |TAMS 0x000000009ac00000, 0x000000009ac00000| Untracked 
| 333|0x000000009ad00000, 0x000000009ad00000, 0x000000009ae00000|  0%| F|  |TAMS 0x000000009ad00000, 0x000000009ad00000| Untracked 
| 334|0x000000009ae00000, 0x000000009ae00000, 0x000000009af00000|  0%| F|  |TAMS 0x000000009ae00000, 0x000000009ae00000| Untracked 
| 335|0x000000009af00000, 0x000000009af00000, 0x000000009b000000|  0%| F|  |TAMS 0x000000009af00000, 0x000000009af00000| Untracked 
| 336|0x000000009b000000, 0x000000009b000000, 0x000000009b100000|  0%| F|  |TAMS 0x000000009b000000, 0x000000009b000000| Untracked 
| 337|0x000000009b100000, 0x000000009b100000, 0x000000009b200000|  0%| F|  |TAMS 0x000000009b100000, 0x000000009b100000| Untracked 
| 338|0x000000009b200000, 0x000000009b200000, 0x000000009b300000|  0%| F|  |TAMS 0x000000009b200000, 0x000000009b200000| Untracked 
| 339|0x000000009b300000, 0x000000009b300000, 0x000000009b400000|  0%| F|  |TAMS 0x000000009b300000, 0x000000009b300000| Untracked 
| 340|0x000000009b400000, 0x000000009b400000, 0x000000009b500000|  0%| F|  |TAMS 0x000000009b400000, 0x000000009b400000| Untracked 
| 341|0x000000009b500000, 0x000000009b500000, 0x000000009b600000|  0%| F|  |TAMS 0x000000009b500000, 0x000000009b500000| Untracked 
| 342|0x000000009b600000, 0x000000009b600000, 0x000000009b700000|  0%| F|  |TAMS 0x000000009b600000, 0x000000009b600000| Untracked 
| 343|0x000000009b700000, 0x000000009b700000, 0x000000009b800000|  0%| F|  |TAMS 0x000000009b700000, 0x000000009b700000| Untracked 
| 344|0x000000009b800000, 0x000000009b800000, 0x000000009b900000|  0%| F|  |TAMS 0x000000009b800000, 0x000000009b800000| Untracked 
| 345|0x000000009b900000, 0x000000009b900000, 0x000000009ba00000|  0%| F|  |TAMS 0x000000009b900000, 0x000000009b900000| Untracked 
| 346|0x000000009ba00000, 0x000000009ba00000, 0x000000009bb00000|  0%| F|  |TAMS 0x000000009ba00000, 0x000000009ba00000| Untracked 
| 347|0x000000009bb00000, 0x000000009bb00000, 0x000000009bc00000|  0%| F|  |TAMS 0x000000009bb00000, 0x000000009bb00000| Untracked 
| 348|0x000000009bc00000, 0x000000009bc00000, 0x000000009bd00000|  0%| F|  |TAMS 0x000000009bc00000, 0x000000009bc00000| Untracked 
| 349|0x000000009bd00000, 0x000000009bd00000, 0x000000009be00000|  0%| F|  |TAMS 0x000000009bd00000, 0x000000009bd00000| Untracked 
| 350|0x000000009be00000, 0x000000009be00000, 0x000000009bf00000|  0%| F|  |TAMS 0x000000009be00000, 0x000000009be00000| Untracked 
| 351|0x000000009bf00000, 0x000000009bf00000, 0x000000009c000000|  0%| F|  |TAMS 0x000000009bf00000, 0x000000009bf00000| Untracked 
| 352|0x000000009c000000, 0x000000009c000000, 0x000000009c100000|  0%| F|  |TAMS 0x000000009c000000, 0x000000009c000000| Untracked 
| 353|0x000000009c100000, 0x000000009c100000, 0x000000009c200000|  0%| F|  |TAMS 0x000000009c100000, 0x000000009c100000| Untracked 
| 354|0x000000009c200000, 0x000000009c200000, 0x000000009c300000|  0%| F|  |TAMS 0x000000009c200000, 0x000000009c200000| Untracked 
| 355|0x000000009c300000, 0x000000009c300000, 0x000000009c400000|  0%| F|  |TAMS 0x000000009c300000, 0x000000009c300000| Untracked 
| 356|0x000000009c400000, 0x000000009c400000, 0x000000009c500000|  0%| F|  |TAMS 0x000000009c400000, 0x000000009c400000| Untracked 
| 357|0x000000009c500000, 0x000000009c500000, 0x000000009c600000|  0%| F|  |TAMS 0x000000009c500000, 0x000000009c500000| Untracked 
| 358|0x000000009c600000, 0x000000009c600000, 0x000000009c700000|  0%| F|  |TAMS 0x000000009c600000, 0x000000009c600000| Untracked 
| 359|0x000000009c700000, 0x000000009c700000, 0x000000009c800000|  0%| F|  |TAMS 0x000000009c700000, 0x000000009c700000| Untracked 
| 360|0x000000009c800000, 0x000000009c800000, 0x000000009c900000|  0%| F|  |TAMS 0x000000009c800000, 0x000000009c800000| Untracked 
| 361|0x000000009c900000, 0x000000009c900000, 0x000000009ca00000|  0%| F|  |TAMS 0x000000009c900000, 0x000000009c900000| Untracked 
| 362|0x000000009ca00000, 0x000000009ca00000, 0x000000009cb00000|  0%| F|  |TAMS 0x000000009ca00000, 0x000000009ca00000| Untracked 
| 363|0x000000009cb00000, 0x000000009cb00000, 0x000000009cc00000|  0%| F|  |TAMS 0x000000009cb00000, 0x000000009cb00000| Untracked 
| 364|0x000000009cc00000, 0x000000009cc00000, 0x000000009cd00000|  0%| F|  |TAMS 0x000000009cc00000, 0x000000009cc00000| Untracked 
| 365|0x000000009cd00000, 0x000000009cd00000, 0x000000009ce00000|  0%| F|  |TAMS 0x000000009cd00000, 0x000000009cd00000| Untracked 
| 366|0x000000009ce00000, 0x000000009ce00000, 0x000000009cf00000|  0%| F|  |TAMS 0x000000009ce00000, 0x000000009ce00000| Untracked 
| 367|0x000000009cf00000, 0x000000009cf00000, 0x000000009d000000|  0%| F|  |TAMS 0x000000009cf00000, 0x000000009cf00000| Untracked 
| 368|0x000000009d000000, 0x000000009d000000, 0x000000009d100000|  0%| F|  |TAMS 0x000000009d000000, 0x000000009d000000| Untracked 
| 369|0x000000009d100000, 0x000000009d100000, 0x000000009d200000|  0%| F|  |TAMS 0x000000009d100000, 0x000000009d100000| Untracked 
| 370|0x000000009d200000, 0x000000009d200000, 0x000000009d300000|  0%| F|  |TAMS 0x000000009d200000, 0x000000009d200000| Untracked 
| 371|0x000000009d300000, 0x000000009d300000, 0x000000009d400000|  0%| F|  |TAMS 0x000000009d300000, 0x000000009d300000| Untracked 
| 372|0x000000009d400000, 0x000000009d400000, 0x000000009d500000|  0%| F|  |TAMS 0x000000009d400000, 0x000000009d400000| Untracked 
| 373|0x000000009d500000, 0x000000009d500000, 0x000000009d600000|  0%| F|  |TAMS 0x000000009d500000, 0x000000009d500000| Untracked 
| 374|0x000000009d600000, 0x000000009d600000, 0x000000009d700000|  0%| F|  |TAMS 0x000000009d600000, 0x000000009d600000| Untracked 
| 375|0x000000009d700000, 0x000000009d700000, 0x000000009d800000|  0%| F|  |TAMS 0x000000009d700000, 0x000000009d700000| Untracked 
| 376|0x000000009d800000, 0x000000009d800000, 0x000000009d900000|  0%| F|  |TAMS 0x000000009d800000, 0x000000009d800000| Untracked 
| 377|0x000000009d900000, 0x000000009d900000, 0x000000009da00000|  0%| F|  |TAMS 0x000000009d900000, 0x000000009d900000| Untracked 
| 378|0x000000009da00000, 0x000000009da00000, 0x000000009db00000|  0%| F|  |TAMS 0x000000009da00000, 0x000000009da00000| Untracked 
| 379|0x000000009db00000, 0x000000009db00000, 0x000000009dc00000|  0%| F|  |TAMS 0x000000009db00000, 0x000000009db00000| Untracked 
| 380|0x000000009dc00000, 0x000000009dc00000, 0x000000009dd00000|  0%| F|  |TAMS 0x000000009dc00000, 0x000000009dc00000| Untracked 
| 381|0x000000009dd00000, 0x000000009dd00000, 0x000000009de00000|  0%| F|  |TAMS 0x000000009dd00000, 0x000000009dd00000| Untracked 
| 382|0x000000009de00000, 0x000000009de00000, 0x000000009df00000|  0%| F|  |TAMS 0x000000009de00000, 0x000000009de00000| Untracked 
| 383|0x000000009df00000, 0x000000009df00000, 0x000000009e000000|  0%| F|  |TAMS 0x000000009df00000, 0x000000009df00000| Untracked 
| 384|0x000000009e000000, 0x000000009e000000, 0x000000009e100000|  0%| F|  |TAMS 0x000000009e000000, 0x000000009e000000| Untracked 
| 385|0x000000009e100000, 0x000000009e100000, 0x000000009e200000|  0%| F|  |TAMS 0x000000009e100000, 0x000000009e100000| Untracked 
| 386|0x000000009e200000, 0x000000009e200000, 0x000000009e300000|  0%| F|  |TAMS 0x000000009e200000, 0x000000009e200000| Untracked 
| 387|0x000000009e300000, 0x000000009e300000, 0x000000009e400000|  0%| F|  |TAMS 0x000000009e300000, 0x000000009e300000| Untracked 
| 388|0x000000009e400000, 0x000000009e400000, 0x000000009e500000|  0%| F|  |TAMS 0x000000009e400000, 0x000000009e400000| Untracked 
| 389|0x000000009e500000, 0x000000009e500000, 0x000000009e600000|  0%| F|  |TAMS 0x000000009e500000, 0x000000009e500000| Untracked 
| 390|0x000000009e600000, 0x000000009e600000, 0x000000009e700000|  0%| F|  |TAMS 0x000000009e600000, 0x000000009e600000| Untracked 
| 391|0x000000009e700000, 0x000000009e700000, 0x000000009e800000|  0%| F|  |TAMS 0x000000009e700000, 0x000000009e700000| Untracked 
| 392|0x000000009e800000, 0x000000009e800000, 0x000000009e900000|  0%| F|  |TAMS 0x000000009e800000, 0x000000009e800000| Untracked 
| 393|0x000000009e900000, 0x000000009e900000, 0x000000009ea00000|  0%| F|  |TAMS 0x000000009e900000, 0x000000009e900000| Untracked 
| 394|0x000000009ea00000, 0x000000009ea00000, 0x000000009eb00000|  0%| F|  |TAMS 0x000000009ea00000, 0x000000009ea00000| Untracked 
| 395|0x000000009eb00000, 0x000000009eb00000, 0x000000009ec00000|  0%| F|  |TAMS 0x000000009eb00000, 0x000000009eb00000| Untracked 
| 396|0x000000009ec00000, 0x000000009ec00000, 0x000000009ed00000|  0%| F|  |TAMS 0x000000009ec00000, 0x000000009ec00000| Untracked 
| 397|0x000000009ed00000, 0x000000009ed00000, 0x000000009ee00000|  0%| F|  |TAMS 0x000000009ed00000, 0x000000009ed00000| Untracked 
| 398|0x000000009ee00000, 0x000000009ee00000, 0x000000009ef00000|  0%| F|  |TAMS 0x000000009ee00000, 0x000000009ee00000| Untracked 
| 399|0x000000009ef00000, 0x000000009ef00000, 0x000000009f000000|  0%| F|  |TAMS 0x000000009ef00000, 0x000000009ef00000| Untracked 
| 400|0x000000009f000000, 0x000000009f000000, 0x000000009f100000|  0%| F|  |TAMS 0x000000009f000000, 0x000000009f000000| Untracked 
| 401|0x000000009f100000, 0x000000009f100000, 0x000000009f200000|  0%| F|  |TAMS 0x000000009f100000, 0x000000009f100000| Untracked 
| 402|0x000000009f200000, 0x000000009f200000, 0x000000009f300000|  0%| F|  |TAMS 0x000000009f200000, 0x000000009f200000| Untracked 
| 403|0x000000009f300000, 0x000000009f300000, 0x000000009f400000|  0%| F|  |TAMS 0x000000009f300000, 0x000000009f300000| Untracked 
| 404|0x000000009f400000, 0x000000009f400000, 0x000000009f500000|  0%| F|  |TAMS 0x000000009f400000, 0x000000009f400000| Untracked 
| 405|0x000000009f500000, 0x000000009f500000, 0x000000009f600000|  0%| F|  |TAMS 0x000000009f500000, 0x000000009f500000| Untracked 
| 406|0x000000009f600000, 0x000000009f600000, 0x000000009f700000|  0%| F|  |TAMS 0x000000009f600000, 0x000000009f600000| Untracked 
| 407|0x000000009f700000, 0x000000009f700000, 0x000000009f800000|  0%| F|  |TAMS 0x000000009f700000, 0x000000009f700000| Untracked 
| 408|0x000000009f800000, 0x000000009f800000, 0x000000009f900000|  0%| F|  |TAMS 0x000000009f800000, 0x000000009f800000| Untracked 
| 409|0x000000009f900000, 0x000000009f900000, 0x000000009fa00000|  0%| F|  |TAMS 0x000000009f900000, 0x000000009f900000| Untracked 
| 410|0x000000009fa00000, 0x000000009fa00000, 0x000000009fb00000|  0%| F|  |TAMS 0x000000009fa00000, 0x000000009fa00000| Untracked 
| 411|0x000000009fb00000, 0x000000009fb00000, 0x000000009fc00000|  0%| F|  |TAMS 0x000000009fb00000, 0x000000009fb00000| Untracked 
| 412|0x000000009fc00000, 0x000000009fc00000, 0x000000009fd00000|  0%| F|  |TAMS 0x000000009fc00000, 0x000000009fc00000| Untracked 
| 413|0x000000009fd00000, 0x000000009fd00000, 0x000000009fe00000|  0%| F|  |TAMS 0x000000009fd00000, 0x000000009fd00000| Untracked 
| 414|0x000000009fe00000, 0x000000009fe00000, 0x000000009ff00000|  0%| F|  |TAMS 0x000000009fe00000, 0x000000009fe00000| Untracked 
| 415|0x000000009ff00000, 0x000000009ff00000, 0x00000000a0000000|  0%| F|  |TAMS 0x000000009ff00000, 0x000000009ff00000| Untracked 
| 416|0x00000000a0000000, 0x00000000a0000000, 0x00000000a0100000|  0%| F|  |TAMS 0x00000000a0000000, 0x00000000a0000000| Untracked 
| 417|0x00000000a0100000, 0x00000000a0100000, 0x00000000a0200000|  0%| F|  |TAMS 0x00000000a0100000, 0x00000000a0100000| Untracked 
| 418|0x00000000a0200000, 0x00000000a0200000, 0x00000000a0300000|  0%| F|  |TAMS 0x00000000a0200000, 0x00000000a0200000| Untracked 
| 419|0x00000000a0300000, 0x00000000a0300000, 0x00000000a0400000|  0%| F|  |TAMS 0x00000000a0300000, 0x00000000a0300000| Untracked 
| 420|0x00000000a0400000, 0x00000000a0400000, 0x00000000a0500000|  0%| F|  |TAMS 0x00000000a0400000, 0x00000000a0400000| Untracked 
| 421|0x00000000a0500000, 0x00000000a0500000, 0x00000000a0600000|  0%| F|  |TAMS 0x00000000a0500000, 0x00000000a0500000| Untracked 
| 422|0x00000000a0600000, 0x00000000a0600000, 0x00000000a0700000|  0%| F|  |TAMS 0x00000000a0600000, 0x00000000a0600000| Untracked 
| 423|0x00000000a0700000, 0x00000000a0700000, 0x00000000a0800000|  0%| F|  |TAMS 0x00000000a0700000, 0x00000000a0700000| Untracked 
| 424|0x00000000a0800000, 0x00000000a0800000, 0x00000000a0900000|  0%| F|  |TAMS 0x00000000a0800000, 0x00000000a0800000| Untracked 
| 425|0x00000000a0900000, 0x00000000a0900000, 0x00000000a0a00000|  0%| F|  |TAMS 0x00000000a0900000, 0x00000000a0900000| Untracked 
| 426|0x00000000a0a00000, 0x00000000a0a00000, 0x00000000a0b00000|  0%| F|  |TAMS 0x00000000a0a00000, 0x00000000a0a00000| Untracked 
| 427|0x00000000a0b00000, 0x00000000a0b00000, 0x00000000a0c00000|  0%| F|  |TAMS 0x00000000a0b00000, 0x00000000a0b00000| Untracked 
| 428|0x00000000a0c00000, 0x00000000a0c00000, 0x00000000a0d00000|  0%| F|  |TAMS 0x00000000a0c00000, 0x00000000a0c00000| Untracked 
| 429|0x00000000a0d00000, 0x00000000a0d00000, 0x00000000a0e00000|  0%| F|  |TAMS 0x00000000a0d00000, 0x00000000a0d00000| Untracked 
| 430|0x00000000a0e00000, 0x00000000a0e00000, 0x00000000a0f00000|  0%| F|  |TAMS 0x00000000a0e00000, 0x00000000a0e00000| Untracked 
| 431|0x00000000a0f00000, 0x00000000a0f00000, 0x00000000a1000000|  0%| F|  |TAMS 0x00000000a0f00000, 0x00000000a0f00000| Untracked 
| 432|0x00000000a1000000, 0x00000000a1000000, 0x00000000a1100000|  0%| F|  |TAMS 0x00000000a1000000, 0x00000000a1000000| Untracked 
| 433|0x00000000a1100000, 0x00000000a1100000, 0x00000000a1200000|  0%| F|  |TAMS 0x00000000a1100000, 0x00000000a1100000| Untracked 
| 434|0x00000000a1200000, 0x00000000a1200000, 0x00000000a1300000|  0%| F|  |TAMS 0x00000000a1200000, 0x00000000a1200000| Untracked 
| 435|0x00000000a1300000, 0x00000000a1300000, 0x00000000a1400000|  0%| F|  |TAMS 0x00000000a1300000, 0x00000000a1300000| Untracked 
| 436|0x00000000a1400000, 0x00000000a1400000, 0x00000000a1500000|  0%| F|  |TAMS 0x00000000a1400000, 0x00000000a1400000| Untracked 
| 437|0x00000000a1500000, 0x00000000a1500000, 0x00000000a1600000|  0%| F|  |TAMS 0x00000000a1500000, 0x00000000a1500000| Untracked 
| 438|0x00000000a1600000, 0x00000000a1600000, 0x00000000a1700000|  0%| F|  |TAMS 0x00000000a1600000, 0x00000000a1600000| Untracked 
| 439|0x00000000a1700000, 0x00000000a1700000, 0x00000000a1800000|  0%| F|  |TAMS 0x00000000a1700000, 0x00000000a1700000| Untracked 
| 440|0x00000000a1800000, 0x00000000a1800000, 0x00000000a1900000|  0%| F|  |TAMS 0x00000000a1800000, 0x00000000a1800000| Untracked 
| 441|0x00000000a1900000, 0x00000000a1900000, 0x00000000a1a00000|  0%| F|  |TAMS 0x00000000a1900000, 0x00000000a1900000| Untracked 
| 442|0x00000000a1a00000, 0x00000000a1a00000, 0x00000000a1b00000|  0%| F|  |TAMS 0x00000000a1a00000, 0x00000000a1a00000| Untracked 
| 443|0x00000000a1b00000, 0x00000000a1b00000, 0x00000000a1c00000|  0%| F|  |TAMS 0x00000000a1b00000, 0x00000000a1b00000| Untracked 
| 444|0x00000000a1c00000, 0x00000000a1c00000, 0x00000000a1d00000|  0%| F|  |TAMS 0x00000000a1c00000, 0x00000000a1c00000| Untracked 
| 445|0x00000000a1d00000, 0x00000000a1d00000, 0x00000000a1e00000|  0%| F|  |TAMS 0x00000000a1d00000, 0x00000000a1d00000| Untracked 
| 446|0x00000000a1e00000, 0x00000000a1e00000, 0x00000000a1f00000|  0%| F|  |TAMS 0x00000000a1e00000, 0x00000000a1e00000| Untracked 
| 447|0x00000000a1f00000, 0x00000000a1f00000, 0x00000000a2000000|  0%| F|  |TAMS 0x00000000a1f00000, 0x00000000a1f00000| Untracked 
| 448|0x00000000a2000000, 0x00000000a2000000, 0x00000000a2100000|  0%| F|  |TAMS 0x00000000a2000000, 0x00000000a2000000| Untracked 
| 449|0x00000000a2100000, 0x00000000a2100000, 0x00000000a2200000|  0%| F|  |TAMS 0x00000000a2100000, 0x00000000a2100000| Untracked 
| 450|0x00000000a2200000, 0x00000000a2200000, 0x00000000a2300000|  0%| F|  |TAMS 0x00000000a2200000, 0x00000000a2200000| Untracked 
| 451|0x00000000a2300000, 0x00000000a2300000, 0x00000000a2400000|  0%| F|  |TAMS 0x00000000a2300000, 0x00000000a2300000| Untracked 
| 452|0x00000000a2400000, 0x00000000a2400000, 0x00000000a2500000|  0%| F|  |TAMS 0x00000000a2400000, 0x00000000a2400000| Untracked 
| 453|0x00000000a2500000, 0x00000000a2500000, 0x00000000a2600000|  0%| F|  |TAMS 0x00000000a2500000, 0x00000000a2500000| Untracked 
| 454|0x00000000a2600000, 0x00000000a2600000, 0x00000000a2700000|  0%| F|  |TAMS 0x00000000a2600000, 0x00000000a2600000| Untracked 
| 455|0x00000000a2700000, 0x00000000a2700000, 0x00000000a2800000|  0%| F|  |TAMS 0x00000000a2700000, 0x00000000a2700000| Untracked 
| 456|0x00000000a2800000, 0x00000000a2800000, 0x00000000a2900000|  0%| F|  |TAMS 0x00000000a2800000, 0x00000000a2800000| Untracked 
| 457|0x00000000a2900000, 0x00000000a2900000, 0x00000000a2a00000|  0%| F|  |TAMS 0x00000000a2900000, 0x00000000a2900000| Untracked 
| 458|0x00000000a2a00000, 0x00000000a2a00000, 0x00000000a2b00000|  0%| F|  |TAMS 0x00000000a2a00000, 0x00000000a2a00000| Untracked 
| 459|0x00000000a2b00000, 0x00000000a2b00000, 0x00000000a2c00000|  0%| F|  |TAMS 0x00000000a2b00000, 0x00000000a2b00000| Untracked 
| 460|0x00000000a2c00000, 0x00000000a2c00000, 0x00000000a2d00000|  0%| F|  |TAMS 0x00000000a2c00000, 0x00000000a2c00000| Untracked 
| 461|0x00000000a2d00000, 0x00000000a2d00000, 0x00000000a2e00000|  0%| F|  |TAMS 0x00000000a2d00000, 0x00000000a2d00000| Untracked 
| 462|0x00000000a2e00000, 0x00000000a2e00000, 0x00000000a2f00000|  0%| F|  |TAMS 0x00000000a2e00000, 0x00000000a2e00000| Untracked 
| 463|0x00000000a2f00000, 0x00000000a2f00000, 0x00000000a3000000|  0%| F|  |TAMS 0x00000000a2f00000, 0x00000000a2f00000| Untracked 
| 464|0x00000000a3000000, 0x00000000a3000000, 0x00000000a3100000|  0%| F|  |TAMS 0x00000000a3000000, 0x00000000a3000000| Untracked 
| 465|0x00000000a3100000, 0x00000000a3100000, 0x00000000a3200000|  0%| F|  |TAMS 0x00000000a3100000, 0x00000000a3100000| Untracked 
| 466|0x00000000a3200000, 0x00000000a3200000, 0x00000000a3300000|  0%| F|  |TAMS 0x00000000a3200000, 0x00000000a3200000| Untracked 
| 467|0x00000000a3300000, 0x00000000a3300000, 0x00000000a3400000|  0%| F|  |TAMS 0x00000000a3300000, 0x00000000a3300000| Untracked 
| 468|0x00000000a3400000, 0x00000000a3400000, 0x00000000a3500000|  0%| F|  |TAMS 0x00000000a3400000, 0x00000000a3400000| Untracked 
| 469|0x00000000a3500000, 0x00000000a3500000, 0x00000000a3600000|  0%| F|  |TAMS 0x00000000a3500000, 0x00000000a3500000| Untracked 
| 470|0x00000000a3600000, 0x00000000a3600000, 0x00000000a3700000|  0%| F|  |TAMS 0x00000000a3600000, 0x00000000a3600000| Untracked 
| 471|0x00000000a3700000, 0x00000000a3700000, 0x00000000a3800000|  0%| F|  |TAMS 0x00000000a3700000, 0x00000000a3700000| Untracked 
| 472|0x00000000a3800000, 0x00000000a3800000, 0x00000000a3900000|  0%| F|  |TAMS 0x00000000a3800000, 0x00000000a3800000| Untracked 
| 473|0x00000000a3900000, 0x00000000a3900000, 0x00000000a3a00000|  0%| F|  |TAMS 0x00000000a3900000, 0x00000000a3900000| Untracked 
| 474|0x00000000a3a00000, 0x00000000a3a00000, 0x00000000a3b00000|  0%| F|  |TAMS 0x00000000a3a00000, 0x00000000a3a00000| Untracked 
| 475|0x00000000a3b00000, 0x00000000a3b00000, 0x00000000a3c00000|  0%| F|  |TAMS 0x00000000a3b00000, 0x00000000a3b00000| Untracked 
| 476|0x00000000a3c00000, 0x00000000a3c00000, 0x00000000a3d00000|  0%| F|  |TAMS 0x00000000a3c00000, 0x00000000a3c00000| Untracked 
| 477|0x00000000a3d00000, 0x00000000a3d00000, 0x00000000a3e00000|  0%| F|  |TAMS 0x00000000a3d00000, 0x00000000a3d00000| Untracked 
| 478|0x00000000a3e00000, 0x00000000a3e00000, 0x00000000a3f00000|  0%| F|  |TAMS 0x00000000a3e00000, 0x00000000a3e00000| Untracked 
| 479|0x00000000a3f00000, 0x00000000a3f00000, 0x00000000a4000000|  0%| F|  |TAMS 0x00000000a3f00000, 0x00000000a3f00000| Untracked 
| 480|0x00000000a4000000, 0x00000000a4000000, 0x00000000a4100000|  0%| F|  |TAMS 0x00000000a4000000, 0x00000000a4000000| Untracked 
| 481|0x00000000a4100000, 0x00000000a4100000, 0x00000000a4200000|  0%| F|  |TAMS 0x00000000a4100000, 0x00000000a4100000| Untracked 
| 482|0x00000000a4200000, 0x00000000a4200000, 0x00000000a4300000|  0%| F|  |TAMS 0x00000000a4200000, 0x00000000a4200000| Untracked 
| 483|0x00000000a4300000, 0x00000000a4300000, 0x00000000a4400000|  0%| F|  |TAMS 0x00000000a4300000, 0x00000000a4300000| Untracked 
| 484|0x00000000a4400000, 0x00000000a4400000, 0x00000000a4500000|  0%| F|  |TAMS 0x00000000a4400000, 0x00000000a4400000| Untracked 
| 485|0x00000000a4500000, 0x00000000a4500000, 0x00000000a4600000|  0%| F|  |TAMS 0x00000000a4500000, 0x00000000a4500000| Untracked 
| 486|0x00000000a4600000, 0x00000000a4600000, 0x00000000a4700000|  0%| F|  |TAMS 0x00000000a4600000, 0x00000000a4600000| Untracked 
| 487|0x00000000a4700000, 0x00000000a4700000, 0x00000000a4800000|  0%| F|  |TAMS 0x00000000a4700000, 0x00000000a4700000| Untracked 
| 488|0x00000000a4800000, 0x00000000a4800000, 0x00000000a4900000|  0%| F|  |TAMS 0x00000000a4800000, 0x00000000a4800000| Untracked 
| 489|0x00000000a4900000, 0x00000000a4900000, 0x00000000a4a00000|  0%| F|  |TAMS 0x00000000a4900000, 0x00000000a4900000| Untracked 
| 490|0x00000000a4a00000, 0x00000000a4a00000, 0x00000000a4b00000|  0%| F|  |TAMS 0x00000000a4a00000, 0x00000000a4a00000| Untracked 
| 491|0x00000000a4b00000, 0x00000000a4b00000, 0x00000000a4c00000|  0%| F|  |TAMS 0x00000000a4b00000, 0x00000000a4b00000| Untracked 
| 492|0x00000000a4c00000, 0x00000000a4c00000, 0x00000000a4d00000|  0%| F|  |TAMS 0x00000000a4c00000, 0x00000000a4c00000| Untracked 
| 493|0x00000000a4d00000, 0x00000000a4d00000, 0x00000000a4e00000|  0%| F|  |TAMS 0x00000000a4d00000, 0x00000000a4d00000| Untracked 
| 494|0x00000000a4e00000, 0x00000000a4e00000, 0x00000000a4f00000|  0%| F|  |TAMS 0x00000000a4e00000, 0x00000000a4e00000| Untracked 
| 495|0x00000000a4f00000, 0x00000000a4f00000, 0x00000000a5000000|  0%| F|  |TAMS 0x00000000a4f00000, 0x00000000a4f00000| Untracked 
| 496|0x00000000a5000000, 0x00000000a5000000, 0x00000000a5100000|  0%| F|  |TAMS 0x00000000a5000000, 0x00000000a5000000| Untracked 
|1942|0x00000000ff600000, 0x00000000ff600000, 0x00000000ff700000|  0%| F|  |TAMS 0x00000000ff600000, 0x00000000ff600000| Untracked 
|1943|0x00000000ff700000, 0x00000000ff700000, 0x00000000ff800000|  0%| F|  |TAMS 0x00000000ff700000, 0x00000000ff700000| Untracked 
|1944|0x00000000ff800000, 0x00000000ff800000, 0x00000000ff900000|  0%| F|  |TAMS 0x00000000ff800000, 0x00000000ff800000| Untracked 
|1945|0x00000000ff900000, 0x00000000ff900000, 0x00000000ffa00000|  0%| F|  |TAMS 0x00000000ff900000, 0x00000000ff900000| Untracked 
|1946|0x00000000ffa00000, 0x00000000ffa00000, 0x00000000ffb00000|  0%| F|  |TAMS 0x00000000ffa00000, 0x00000000ffa00000| Untracked 
|1947|0x00000000ffb00000, 0x00000000ffb00000, 0x00000000ffc00000|  0%| F|  |TAMS 0x00000000ffb00000, 0x00000000ffb00000| Untracked 
|1948|0x00000000ffc00000, 0x00000000ffc00000, 0x00000000ffd00000|  0%| F|  |TAMS 0x00000000ffc00000, 0x00000000ffc00000| Untracked 
|1949|0x00000000ffd00000, 0x00000000ffd00000, 0x00000000ffe00000|  0%| F|  |TAMS 0x00000000ffd00000, 0x00000000ffd00000| Untracked 
|1950|0x00000000ffe00000, 0x00000000ffe00000, 0x00000000fff00000|  0%| F|  |TAMS 0x00000000ffe00000, 0x00000000ffe00000| Untracked 
|1951|0x00000000fff00000, 0x00000000fff00000, 0x0000000100000000|  0%| F|  |TAMS 0x00000000fff00000, 0x00000000fff00000| Untracked 

Card table byte_map: [0x000001d6d8600000,0x000001d6d89d0000] _byte_map_base: 0x000001d6d81d0000

Marking Bits (Prev, Next): (CMBitMap*) 0x000001d6cb63f710, (CMBitMap*) 0x000001d6cb63f750
 Prev Bits: [0x000001d6d8da0000, 0x000001d6dac20000)
 Next Bits: [0x000001d6dac20000, 0x000001d6dcaa0000)

Polling page: 0x000001d6cb690000

Metaspace:

Usage:
  Non-class:     69.35 MB used.
      Class:     11.85 MB used.
       Both:     81.19 MB used.

Virtual space:
  Non-class space:      128.00 MB reserved,      69.69 MB ( 54%) committed,  2 nodes.
      Class space:        1.00 GB reserved,      12.19 MB (  1%) committed,  1 nodes.
             Both:        1.12 GB reserved,      81.88 MB (  7%) committed. 

Chunk freelists:
   Non-Class:  10.08 MB
       Class:  3.88 MB
        Both:  13.95 MB

MaxMetaspaceSize: unlimited
CompressedClassSpaceSize: 1.00 GB
Initial GC threshold: 21.00 MB
Current GC threshold: 136.38 MB
CDS: on
MetaspaceReclaimPolicy: balanced
 - commit_granule_bytes: 65536.
 - commit_granule_words: 8192.
 - virtual_space_node_default_size: 8388608.
 - enlarge_chunks_in_place: 1.
 - new_chunks_are_fully_committed: 0.
 - uncommit_free_chunks: 1.
 - use_allocation_guard: 0.
 - handle_deallocations: 1.


Internal statistics:

num_allocs_failed_limit: 6.
num_arena_births: 1392.
num_arena_deaths: 590.
num_vsnodes_births: 3.
num_vsnodes_deaths: 0.
num_space_committed: 1310.
num_space_uncommitted: 0.
num_chunks_returned_to_freelist: 753.
num_chunks_taken_from_freelist: 4782.
num_chunk_merges: 164.
num_chunk_splits: 3026.
num_chunks_enlarged: 2268.
num_inconsistent_stats: 0.

CodeCache: size=49152Kb used=21755Kb max_used=23203Kb free=27396Kb
 bounds [0x000001d6d4950000, 0x000001d6d6070000, 0x000001d6d7950000]
 total_blobs=13115 nmethods=12379 adapters=662
 compilation: enabled
              stopped_count=0, restarted_count=0
 full_count=0

Compilation events (20 events):
Event: 26144.971 Thread 0x000001d6def0d090 12594       1       org.apache.tomcat.util.http.ValuesEnumerator::<init> (32 bytes)
Event: 26144.971 Thread 0x000001d6def0d090 nmethod 12594 0x000001d6d5d95410 code [0x000001d6d5d955c0, 0x000001d6d5d95748]
Event: 26144.971 Thread 0x000001d6def0d090 12593       1       java.lang.ThreadLocal::createMap (14 bytes)
Event: 26144.971 Thread 0x000001d6def0d090 nmethod 12593 0x000001d6d5d94f90 code [0x000001d6d5d95140, 0x000001d6d5d952e8]
Event: 26144.971 Thread 0x000001d6def0d090 12591       1       org.apache.catalina.connector.Connector::getURICharset (5 bytes)
Event: 26144.971 Thread 0x000001d6def0d090 nmethod 12591 0x000001d6d5d94c90 code [0x000001d6d5d94e20, 0x000001d6d5d94ef8]
Event: 26145.935 Thread 0x000001d6def0d090 12595       1       org.springframework.data.repository.query.QueryMethod::getResultProcessor (5 bytes)
Event: 26145.935 Thread 0x000001d6def0d090 nmethod 12595 0x000001d6d5d94990 code [0x000001d6d5d94b20, 0x000001d6d5d94bf8]
Event: 26145.935 Thread 0x000001d6def0d090 12596       1       org.springframework.data.repository.query.ResultProcessor::getReturnedType (5 bytes)
Event: 26145.935 Thread 0x000001d6def0d090 nmethod 12596 0x000001d6d5d94690 code [0x000001d6d5d94820, 0x000001d6d5d948f8]
Event: 26145.935 Thread 0x000001d6def0d090 12597       1       java.io.FileInputStream::read (8 bytes)
Event: 26145.936 Thread 0x000001d6def0d090 nmethod 12597 0x000001d6d5d94390 code [0x000001d6d5d94520, 0x000001d6d5d94608]
Event: 26145.942 Thread 0x000001d6def0d090 12598       1       org.springframework.beans.GenericTypeAwarePropertyDescriptor::<init> (328 bytes)
Event: 26145.946 Thread 0x000001d6def0d090 nmethod 12598 0x000001d6d5d92310 code [0x000001d6d5d926a0, 0x000001d6d5d938c8]
Event: 26146.081 Thread 0x000001d6def0d090 12599       1       io.micrometer.core.instrument.Tags::and (55 bytes)
Event: 26146.082 Thread 0x000001d6def0d090 nmethod 12599 0x000001d6d5d91a90 code [0x000001d6d5d91c80, 0x000001d6d5d92138]
Event: 26146.083 Thread 0x000001d6def0d090 12600       1       org.springframework.data.util.NullableWrapperConverters$WrapperType::getType (5 bytes)
Event: 26146.083 Thread 0x000001d6def0d090 nmethod 12600 0x000001d6d5d91790 code [0x000001d6d5d91920, 0x000001d6d5d919f8]
Event: 26148.020 Thread 0x000001d6def0d090 12601       1       sun.management.MemoryManagerImpl::getName (5 bytes)
Event: 26148.022 Thread 0x000001d6def0d090 nmethod 12601 0x000001d6d5d91490 code [0x000001d6d5d91620, 0x000001d6d5d916f8]

GC Heap History (20 events):
Event: 22833.176 GC heap after
{Heap after GC invocations=177 (full 0):
 garbage-first heap   total 949248K, used 109551K [0x0000000086000000, 0x0000000100000000)
  region size 1024K, 1 young (1024K), 1 survivors (1024K)
 Metaspace       used 83077K, committed 83776K, reserved 1179648K
  class space    used 12124K, committed 12416K, reserved 1048576K
}
Event: 22833.933 GC heap before
{Heap before GC invocations=177 (full 0):
 garbage-first heap   total 949248K, used 251887K [0x0000000086000000, 0x0000000100000000)
  region size 1024K, 141 young (144384K), 1 survivors (1024K)
 Metaspace       used 83077K, committed 83776K, reserved 1179648K
  class space    used 12124K, committed 12416K, reserved 1048576K
}
Event: 22833.985 GC heap after
{Heap after GC invocations=178 (full 0):
 garbage-first heap   total 949248K, used 121645K [0x0000000086000000, 0x0000000100000000)
  region size 1024K, 13 young (13312K), 13 survivors (13312K)
 Metaspace       used 83077K, committed 83776K, reserved 1179648K
  class space    used 12124K, committed 12416K, reserved 1048576K
}
Event: 23597.948 GC heap before
{Heap before GC invocations=179 (full 0):
 garbage-first heap   total 731136K, used 540461K [0x0000000086000000, 0x0000000100000000)
  region size 1024K, 425 young (435200K), 13 survivors (13312K)
 Metaspace       used 83093K, committed 83776K, reserved 1179648K
  class space    used 12127K, committed 12416K, reserved 1048576K
}
Event: 23598.598 GC heap after
{Heap after GC invocations=180 (full 0):
 garbage-first heap   total 731136K, used 176985K [0x0000000086000000, 0x0000000100000000)
  region size 1024K, 54 young (55296K), 54 survivors (55296K)
 Metaspace       used 83093K, committed 83776K, reserved 1179648K
  class space    used 12127K, committed 12416K, reserved 1048576K
}
Event: 23598.620 GC heap before
{Heap before GC invocations=180 (full 0):
 garbage-first heap   total 731136K, used 178009K [0x0000000086000000, 0x0000000100000000)
  region size 1024K, 55 young (56320K), 54 survivors (55296K)
 Metaspace       used 83093K, committed 83776K, reserved 1179648K
  class space    used 12127K, committed 12416K, reserved 1048576K
}
Event: 23598.754 GC heap after
{Heap after GC invocations=181 (full 0):
 garbage-first heap   total 731136K, used 177488K [0x0000000086000000, 0x0000000100000000)
  region size 1024K, 3 young (3072K), 3 survivors (3072K)
 Metaspace       used 83093K, committed 83776K, reserved 1179648K
  class space    used 12127K, committed 12416K, reserved 1048576K
}
Event: 23599.099 GC heap before
{Heap before GC invocations=181 (full 0):
 garbage-first heap   total 731136K, used 253264K [0x0000000086000000, 0x0000000100000000)
  region size 1024K, 77 young (78848K), 3 survivors (3072K)
 Metaspace       used 83095K, committed 83776K, reserved 1179648K
  class space    used 12127K, committed 12416K, reserved 1048576K
}
Event: 23599.144 GC heap after
{Heap after GC invocations=182 (full 0):
 garbage-first heap   total 731136K, used 179575K [0x0000000086000000, 0x0000000100000000)
  region size 1024K, 5 young (5120K), 5 survivors (5120K)
 Metaspace       used 83095K, committed 83776K, reserved 1179648K
  class space    used 12127K, committed 12416K, reserved 1048576K
}
Event: 23612.782 GC heap before
{Heap before GC invocations=183 (full 0):
 garbage-first heap   total 731136K, used 310647K [0x0000000086000000, 0x0000000100000000)
  region size 1024K, 174 young (178176K), 5 survivors (5120K)
 Metaspace       used 83131K, committed 83776K, reserved 1179648K
  class space    used 12130K, committed 12416K, reserved 1048576K
}
Event: 23612.813 GC heap after
{Heap after GC invocations=184 (full 0):
 garbage-first heap   total 731136K, used 152810K [0x0000000086000000, 0x0000000100000000)
  region size 1024K, 20 young (20480K), 20 survivors (20480K)
 Metaspace       used 83131K, committed 83776K, reserved 1179648K
  class space    used 12130K, committed 12416K, reserved 1048576K
}
Event: 23765.330 GC heap before
{Heap before GC invocations=184 (full 0):
 garbage-first heap   total 731136K, used 168170K [0x0000000086000000, 0x0000000100000000)
  region size 1024K, 35 young (35840K), 20 survivors (20480K)
 Metaspace       used 83141K, committed 83776K, reserved 1179648K
  class space    used 12132K, committed 12416K, reserved 1048576K
}
Event: 23765.425 GC heap after
{Heap after GC invocations=185 (full 0):
 garbage-first heap   total 731136K, used 149245K [0x0000000086000000, 0x0000000100000000)
  region size 1024K, 3 young (3072K), 3 survivors (3072K)
 Metaspace       used 83141K, committed 83776K, reserved 1179648K
  class space    used 12132K, committed 12416K, reserved 1048576K
}
Event: 26141.175 GC heap before
{Heap before GC invocations=185 (full 0):
 garbage-first heap   total 731136K, used 368381K [0x0000000086000000, 0x0000000100000000)
  region size 1024K, 217 young (222208K), 3 survivors (3072K)
 Metaspace       used 83153K, committed 83840K, reserved 1179648K
  class space    used 12134K, committed 12480K, reserved 1048576K
}
Event: 26141.269 GC heap after
{Heap after GC invocations=186 (full 0):
 garbage-first heap   total 731136K, used 163207K [0x0000000086000000, 0x0000000100000000)
  region size 1024K, 17 young (17408K), 17 survivors (17408K)
 Metaspace       used 83153K, committed 83840K, reserved 1179648K
  class space    used 12134K, committed 12480K, reserved 1048576K
}
Event: 26147.816 GC heap before
{Heap before GC invocations=187 (full 0):
 garbage-first heap   total 406528K, used 284039K [0x0000000086000000, 0x0000000100000000)
  region size 1024K, 187 young (191488K), 17 survivors (17408K)
 Metaspace       used 83141K, committed 83840K, reserved 1179648K
  class space    used 12132K, committed 12480K, reserved 1048576K
}
Event: 26147.914 GC heap after
{Heap after GC invocations=188 (full 0):
 garbage-first heap   total 406528K, used 141284K [0x0000000086000000, 0x0000000100000000)
  region size 1024K, 24 young (24576K), 24 survivors (24576K)
 Metaspace       used 83141K, committed 83840K, reserved 1179648K
  class space    used 12132K, committed 12480K, reserved 1048576K
}
Event: 26147.921 GC heap before
{Heap before GC invocations=188 (full 0):
 garbage-first heap   total 406528K, used 142308K [0x0000000086000000, 0x0000000100000000)
  region size 1024K, 25 young (25600K), 24 survivors (24576K)
 Metaspace       used 83141K, committed 83840K, reserved 1179648K
  class space    used 12132K, committed 12480K, reserved 1048576K
}
Event: 26148.019 GC heap after
{Heap after GC invocations=189 (full 0):
 garbage-first heap   total 406528K, used 112537K [0x0000000086000000, 0x0000000100000000)
  region size 1024K, 3 young (3072K), 3 survivors (3072K)
 Metaspace       used 83141K, committed 83840K, reserved 1179648K
  class space    used 12132K, committed 12480K, reserved 1048576K
}
Event: 26148.447 GC heap before
{Heap before GC invocations=189 (full 0):
 garbage-first heap   total 406528K, used 245657K [0x0000000086000000, 0x0000000100000000)
  region size 1024K, 134 young (137216K), 3 survivors (3072K)
 Metaspace       used 83141K, committed 83840K, reserved 1179648K
  class space    used 12132K, committed 12480K, reserved 1048576K
}

Dll operation events (14 events):
Event: 0.006 Loaded shared library C:\Users\Lenovo\.jdks\corretto-17.0.17\bin\java.dll
Event: 0.021 Loaded shared library C:\Users\Lenovo\.jdks\corretto-17.0.17\bin\jsvml.dll
Event: 0.091 Loaded shared library C:\Users\Lenovo\.jdks\corretto-17.0.17\bin\zip.dll
Event: 0.093 Loaded shared library C:\Users\Lenovo\.jdks\corretto-17.0.17\bin\instrument.dll
Event: 0.097 Loaded shared library C:\Users\Lenovo\.jdks\corretto-17.0.17\bin\net.dll
Event: 0.099 Loaded shared library C:\Users\Lenovo\.jdks\corretto-17.0.17\bin\nio.dll
Event: 0.100 Loaded shared library C:\Users\Lenovo\.jdks\corretto-17.0.17\bin\zip.dll
Event: 0.189 Loaded shared library C:\Program Files\JetBrains\IntelliJ IDEA 2022.2\bin\breakgen64.dll
Event: 0.192 Loaded shared library C:\Users\Lenovo\.jdks\corretto-17.0.17\bin\jimage.dll
Event: 0.197 Loaded shared library C:\Users\Lenovo\.jdks\corretto-17.0.17\bin\extnet.dll
Event: 0.207 Loaded shared library C:\Users\Lenovo\.jdks\corretto-17.0.17\bin\management.dll
Event: 0.216 Loaded shared library C:\Users\Lenovo\.jdks\corretto-17.0.17\bin\management_ext.dll
Event: 2.061 Loaded shared library C:\Users\Lenovo\.jdks\corretto-17.0.17\bin\sunmscapi.dll
Event: 9.156 Loaded shared library C:\Users\Lenovo\.jdks\corretto-17.0.17\bin\verify.dll

Deoptimization events (16 events):
Event: 1.371 Thread 0x000001d6e47a31e0 DEOPT PACKING pc=0x000001d6d4d69f9c sp=0x00000078d0ffd320
Event: 1.371 Thread 0x000001d6e47a31e0 DEOPT UNPACKING pc=0x000001d6d49a7143 sp=0x00000078d0ffc7e8 mode 0
Event: 4.954 Thread 0x000001d6e47a31e0 DEOPT PACKING pc=0x000001d6d511ab8c sp=0x00000078d0ffc490
Event: 4.954 Thread 0x000001d6e47a31e0 DEOPT UNPACKING pc=0x000001d6d49a7143 sp=0x00000078d0ffb948 mode 0
Event: 5.500 Thread 0x000001d6e47a31e0 DEOPT PACKING pc=0x000001d6d5223935 sp=0x00000078d0ffcfd0
Event: 5.500 Thread 0x000001d6e47a31e0 DEOPT UNPACKING pc=0x000001d6d49a7143 sp=0x00000078d0ffc578 mode 0
Event: 9.801 Thread 0x000001d6e47a31e0 DEOPT PACKING pc=0x000001d6d4ec9a81 sp=0x00000078d0ffcd00
Event: 9.801 Thread 0x000001d6e47a31e0 DEOPT UNPACKING pc=0x000001d6d49a7143 sp=0x00000078d0ffc190 mode 3
Event: 9.801 Thread 0x000001d6e50aa490 DEOPT PACKING pc=0x000001d6d4e20597 sp=0x00000078d1eff370
Event: 9.801 Thread 0x000001d6e50aa490 DEOPT UNPACKING pc=0x000001d6d49a7143 sp=0x00000078d1efe7c8 mode 3
Event: 11.542 Thread 0x000001d6e47a31e0 DEOPT PACKING pc=0x000001d6d4f5e41c sp=0x00000078d0ffc3f0
Event: 11.542 Thread 0x000001d6e47a31e0 DEOPT UNPACKING pc=0x000001d6d49a7143 sp=0x00000078d0ffb948 mode 0
Event: 11.658 Thread 0x000001d6e47a31e0 DEOPT PACKING pc=0x000001d6d4eb1f22 sp=0x00000078d0ffc3f0
Event: 11.658 Thread 0x000001d6e47a31e0 DEOPT UNPACKING pc=0x000001d6d49a7143 sp=0x00000078d0ffb8f8 mode 3
Event: 23593.433 Thread 0x000001d6e6be5ba0 DEOPT PACKING pc=0x000001d6d4b62580 sp=0x00000078d30fb6b0
Event: 23593.434 Thread 0x000001d6e6be5ba0 DEOPT UNPACKING pc=0x000001d6d49a7143 sp=0x00000078d30fac48 mode 3

Classes loaded (20 events):
Event: 15685.654 Loading class java/util/concurrent/Semaphore
Event: 15685.669 Loading class java/util/concurrent/Semaphore done
Event: 15685.669 Loading class java/util/concurrent/Semaphore$NonfairSync
Event: 15685.672 Loading class java/util/concurrent/Semaphore$Sync
Event: 15685.675 Loading class java/util/concurrent/Semaphore$Sync done
Event: 15685.675 Loading class java/util/concurrent/Semaphore$NonfairSync done
Event: 15685.699 Loading class sun/nio/ch/SelectionKeyImpl
Event: 15685.717 Loading class java/nio/channels/spi/AbstractSelectionKey
Event: 15685.722 Loading class java/nio/channels/SelectionKey
Event: 15685.728 Loading class java/nio/channels/SelectionKey done
Event: 15685.728 Loading class java/nio/channels/spi/AbstractSelectionKey done
Event: 15685.728 Loading class sun/nio/ch/SelectionKeyImpl done
Event: 15685.740 Loading class java/lang/invoke/ConstantBootstraps
Event: 15685.763 Loading class java/lang/invoke/ConstantBootstraps done
Event: 15686.719 Loading class sun/nio/cs/ISO_8859_1$Decoder
Event: 15686.719 Loading class sun/nio/cs/ISO_8859_1$Decoder done
Event: 15686.800 Loading class java/util/ArrayList$SubList$2
Event: 15686.801 Loading class java/util/ArrayList$SubList$2 done
Event: 23593.306 Loading class java/util/concurrent/atomic/Striped64$Cell
Event: 23593.325 Loading class java/util/concurrent/atomic/Striped64$Cell done

Classes unloaded (20 events):
Event: 20414.394 Thread 0x000001d6deee9dd0 Unloading class 0x000001d6810d4c00 'jdk/internal/reflect/GeneratedMethodAccessor97'
Event: 20414.394 Thread 0x000001d6deee9dd0 Unloading class 0x000001d6810c0800 'jdk/internal/reflect/GeneratedMethodAccessor96'
Event: 20414.394 Thread 0x000001d6deee9dd0 Unloading class 0x000001d681009000 'jdk/internal/reflect/GeneratedConstructorAccessor96'
Event: 20414.394 Thread 0x000001d6deee9dd0 Unloading class 0x000001d681007c00 'jdk/internal/reflect/GeneratedMethodAccessor95'
Event: 22015.353 Thread 0x000001d6deee9dd0 Unloading class 0x000001d6810c0800 'jdk/internal/reflect/GeneratedMethodAccessor111'
Event: 22015.353 Thread 0x000001d6deee9dd0 Unloading class 0x000001d6810d4c00 'jdk/internal/reflect/GeneratedMethodAccessor110'
Event: 22015.354 Thread 0x000001d6deee9dd0 Unloading class 0x000001d681b59000 'jdk/internal/reflect/GeneratedConstructorAccessor100'
Event: 22015.354 Thread 0x000001d6deee9dd0 Unloading class 0x000001d6815a3000 'jdk/internal/reflect/GeneratedMethodAccessor109'
Event: 22015.354 Thread 0x000001d6deee9dd0 Unloading class 0x000001d681448000 'jdk/internal/reflect/GeneratedMethodAccessor106'
Event: 22015.354 Thread 0x000001d6deee9dd0 Unloading class 0x000001d68134a000 'jdk/internal/reflect/GeneratedMethodAccessor105'
Event: 22015.354 Thread 0x000001d6deee9dd0 Unloading class 0x000001d681349000 'jdk/internal/reflect/GeneratedConstructorAccessor99'
Event: 22015.354 Thread 0x000001d6deee9dd0 Unloading class 0x000001d6810d6000 'jdk/internal/reflect/GeneratedMethodAccessor101'
Event: 22832.791 Thread 0x000001d6deee9dd0 Unloading class 0x000001d6815a3000 'jdk/internal/reflect/GeneratedMethodAccessor114'
Event: 22832.791 Thread 0x000001d6deee9dd0 Unloading class 0x000001d681b59000 'jdk/internal/reflect/GeneratedMethodAccessor113'
Event: 22832.791 Thread 0x000001d6deee9dd0 Unloading class 0x000001d6810d4c00 'jdk/internal/reflect/GeneratedConstructorAccessor101'
Event: 22832.792 Thread 0x000001d6deee9dd0 Unloading class 0x000001d6810c0800 'jdk/internal/reflect/GeneratedMethodAccessor112'
Event: 26142.233 Thread 0x000001d6deee9dd0 Unloading class 0x000001d6810c0800 'jdk/internal/reflect/GeneratedMethodAccessor163'
Event: 26142.233 Thread 0x000001d6deee9dd0 Unloading class 0x000001d6810d4c00 'jdk/internal/reflect/GeneratedMethodAccessor162'
Event: 26142.233 Thread 0x000001d6deee9dd0 Unloading class 0x000001d681b59000 'jdk/internal/reflect/GeneratedConstructorAccessor104'
Event: 26142.233 Thread 0x000001d6deee9dd0 Unloading class 0x000001d6815a3000 'jdk/internal/reflect/GeneratedMethodAccessor161'

Classes redefined (0 events):
No events

Internal exceptions (20 events):
Event: 12.675 Thread 0x000001d6e47a31e0 Exception <a 'java/lang/NoSuchMethodError'{0x000000008b1ec4c0}: 'java.lang.Object java.lang.invoke.DirectMethodHandle$Holder.newInvokeSpecial(java.lang.Object, java.lang.Object, java.lang.Object, java.lang.Object, java.lang.Object, java.lang.Object, java.lang.Object, java.lang.Object, java.lang.Object)'> (0x000000008b1ec4c0) 
thrown [s\src\hotspot\share\interpreter\linkResolver.cpp, line 759]
Event: 12.675 Thread 0x000001d6e47a31e0 Exception <a 'java/lang/NoSuchMethodError'{0x000000008b1f11b8}: 'java.lang.Object java.lang.invoke.Invokers$Holder.linkToTargetMethod(java.lang.Object, java.lang.Object, java.lang.Object, java.lang.Object, java.lang.Object, java.lang.Object, java.lang.Object, java.lang.Object, java.lang.Object)'> (0x000000008b1f11b8) 
thrown [s\src\hotspot\share\interpreter\linkResolver.cpp, line 759]
Event: 13.523 Thread 0x000001d6e47a31e0 Exception <a 'java/lang/NoSuchMethodError'{0x000000008d94ec70}: 'int java.lang.invoke.DirectMethodHandle$Holder.invokeStatic(java.lang.Object, java.lang.Object, java.lang.Object, java.lang.Object, java.lang.Object)'> (0x000000008d94ec70) 
thrown [s\src\hotspot\share\interpreter\linkResolver.cpp, line 759]
Event: 13.654 Thread 0x000001d6e47a31e0 Exception <a 'java/lang/NoSuchMethodError'{0x000000008b234340}: 'double java.lang.invoke.DirectMethodHandle$Holder.invokeStatic(java.lang.Object, java.lang.Object)'> (0x000000008b234340) 
thrown [s\src\hotspot\share\interpreter\linkResolver.cpp, line 759]
Event: 13.885 Thread 0x000001d6e47a31e0 Exception <a 'java/net/BindException'{0x000000008a59f658}: Address already in use: bind> (0x000000008a59f658) 
thrown [s\src\hotspot\share\prims\jni.cpp, line 535]
Event: 13.885 Thread 0x000001d6e47a31e0 Exception <a 'java/net/SocketException'{0x000000008a59fc38}: Socket is not connected: shutdown> (0x000000008a59fc38) 
thrown [s\src\hotspot\share\prims\jni.cpp, line 535]
Event: 14.098 Thread 0x000001d6e4347e30 Exception <a 'java/lang/NoSuchMethodError'{0x000000008d9952e8}: 'long java.lang.invoke.DirectMethodHandle$Holder.invokeStatic(java.lang.Object, java.lang.Object, java.lang.Object)'> (0x000000008d9952e8) 
thrown [s\src\hotspot\share\interpreter\linkResolver.cpp, line 759]
Event: 14.171 Thread 0x000001d6e47a31e0 Exception <a 'java/lang/NoSuchMethodError'{0x000000008b151c18}: 'void java.lang.invoke.DirectMethodHandle$Holder.invokeStatic(java.lang.Object, java.lang.Object, double)'> (0x000000008b151c18) 
thrown [s\src\hotspot\share\interpreter\linkResolver.cpp, line 759]
Event: 14.177 Thread 0x000001d6e47a31e0 Exception <a 'java/lang/NoSuchMethodError'{0x000000008b1a57c8}: 'double java.lang.invoke.DirectMethodHandle$Holder.invokeStatic(java.lang.Object, java.lang.Object, java.lang.Object)'> (0x000000008b1a57c8) 
thrown [s\src\hotspot\share\interpreter\linkResolver.cpp, line 759]
Event: 14.194 Thread 0x000001d6e47a31e0 Exception <a 'java/lang/IncompatibleClassChangeError'{0x000000008b0a81e8}: Found class java.lang.Object, but interface was expected> (0x000000008b0a81e8) 
thrown [s\src\hotspot\share\interpreter\linkResolver.cpp, line 826]
Event: 14.199 Thread 0x000001d6e47a31e0 Exception <a 'java/lang/NoSuchMethodError'{0x000000008b0ce4a0}: 'java.lang.Object java.lang.invoke.DirectMethodHandle$Holder.newInvokeSpecial(java.lang.Object, java.lang.Object, int, java.lang.Object, java.lang.Object)'> (0x000000008b0ce4a0) 
thrown [s\src\hotspot\share\interpreter\linkResolver.cpp, line 759]
Event: 14.236 Thread 0x000001d6e47a31e0 Exception <a 'java/lang/NoSuchMethodError'{0x000000008aeb4d28}: 'double java.lang.invoke.DirectMethodHandle$Holder.invokeVirtual(java.lang.Object, java.lang.Object)'> (0x000000008aeb4d28) 
thrown [s\src\hotspot\share\interpreter\linkResolver.cpp, line 759]
Event: 15686.365 Thread 0x000001d6e6160730 Exception <a 'java/lang/NoSuchMethodError'{0x0000000089bdfd60}: 'java.lang.Object java.lang.invoke.DirectMethodHandle$Holder.invokeSpecial(java.lang.Object, java.lang.Object, java.lang.Object, java.lang.Object, java.lang.Object, long)'> (0x0000000089bdfd60) 
thrown [s\src\hotspot\share\interpreter\linkResolver.cpp, line 759]
Event: 15686.366 Thread 0x000001d6e6160730 Exception <a 'java/lang/NoSuchMethodError'{0x0000000089be37b8}: 'java.lang.Object java.lang.invoke.Invokers$Holder.linkToTargetMethod(java.lang.Object, java.lang.Object, java.lang.Object, long, java.lang.Object)'> (0x0000000089be37b8) 
thrown [s\src\hotspot\share\interpreter\linkResolver.cpp, line 759]
Event: 15686.797 Thread 0x000001d6e6160730 Exception <a 'java/lang/NoSuchMethodError'{0x000000008980b0d8}: 'java.lang.Object java.lang.invoke.DirectMethodHandle$Holder.invokeStatic(java.lang.Object, int, int)'> (0x000000008980b0d8) 
thrown [s\src\hotspot\share\interpreter\linkResolver.cpp, line 759]
Event: 15687.440 Thread 0x000001d6e6160730 Exception <a 'java/lang/IncompatibleClassChangeError'{0x000000008b4ad980}: Found class java.lang.Object, but interface was expected> (0x000000008b4ad980) 
thrown [s\src\hotspot\share\interpreter\linkResolver.cpp, line 826]
Event: 15687.555 Thread 0x000001d6e6160730 Exception <a 'java/lang/NoSuchMethodError'{0x000000008b3dc3c8}: 'java.lang.Object java.lang.invoke.DirectMethodHandle$Holder.newInvokeSpecial(java.lang.Object, java.lang.Object, java.lang.Object, long)'> (0x000000008b3dc3c8) 
thrown [s\src\hotspot\share\interpreter\linkResolver.cpp, line 759]
Event: 15687.556 Thread 0x000001d6e6160730 Exception <a 'java/lang/NoSuchMethodError'{0x000000008b3e09e8}: 'java.lang.Object java.lang.invoke.DirectMethodHandle$Holder.invokeSpecial(java.lang.Object, java.lang.Object, java.lang.Object, java.lang.Object, long)'> (0x000000008b3e09e8) 
thrown [s\src\hotspot\share\interpreter\linkResolver.cpp, line 759]
Event: 15687.557 Thread 0x000001d6e6160730 Exception <a 'java/lang/NoSuchMethodError'{0x000000008b3e4670}: 'java.lang.Object java.lang.invoke.Invokers$Holder.linkToTargetMethod(java.lang.Object, java.lang.Object, long, java.lang.Object)'> (0x000000008b3e4670) 
thrown [s\src\hotspot\share\interpreter\linkResolver.cpp, line 759]
Event: 23136.272 Thread 0x000001d6e50aa490 Exception <a 'java/lang/OutOfMemoryError'{0x00000000a7c001f8}: unable to create native thread: possibly out of memory or process/resource limits reached> (0x00000000a7c001f8) 
thrown [s\src\hotspot\share\prims\jvm.cpp, line 2923]

VM Operations (20 events):
Event: 24836.310 Executing VM operation: Cleanup done
Event: 24843.335 Executing VM operation: Cleanup
Event: 24843.336 Executing VM operation: Cleanup done
Event: 24893.384 Executing VM operation: HandshakeAllThreads
Event: 24893.386 Executing VM operation: HandshakeAllThreads done
Event: 24953.481 Executing VM operation: HandshakeAllThreads
Event: 24953.481 Executing VM operation: HandshakeAllThreads done
Event: 25013.504 Executing VM operation: HandshakeAllThreads
Event: 25013.504 Executing VM operation: HandshakeAllThreads done
Event: 26141.168 Executing VM operation: G1CollectForAllocation
Event: 26141.269 Executing VM operation: G1CollectForAllocation done
Event: 26142.228 Executing VM operation: G1PauseRemark
Event: 26143.220 Executing VM operation: G1PauseRemark done
Event: 26143.276 Executing VM operation: G1PauseCleanup
Event: 26144.021 Executing VM operation: G1PauseCleanup done
Event: 26147.816 Executing VM operation: G1CollectForAllocation
Event: 26147.916 Executing VM operation: G1CollectForAllocation done
Event: 26147.920 Executing VM operation: G1CollectForAllocation
Event: 26148.019 Executing VM operation: G1CollectForAllocation done
Event: 26148.447 Executing VM operation: G1TryInitiateConcMark

Memory protections (0 events):
No events

Nmethod flushes (0 events):
No events

Events (20 events):
Event: 24992.098 Thread 0x000001d6e6be1ee0 Thread exited: 0x000001d6e6be1ee0
Event: 24993.221 Thread 0x000001d6e6be3d40 Thread exited: 0x000001d6e6be3d40
Event: 26139.318 Thread 0x000001d6e6be7a00 Thread added: 0x000001d6e6be74f0
Event: 26139.321 Thread 0x000001d6e6be4760 Thread added: 0x000001d6e6be2e10
Event: 26139.322 Thread 0x000001d6e6be14c0 Thread added: 0x000001d6e6be1ee0
Event: 26139.324 Thread 0x000001d6e6be7a00 Thread added: 0x000001d6e6be0fb0
Event: 26139.342 Thread 0x000001d6e6be0fb0 Thread exited: 0x000001d6e6be0fb0
Event: 26139.342 Thread 0x000001d6e6be1ee0 Thread exited: 0x000001d6e6be1ee0
Event: 26139.342 Thread 0x000001d6e6be2e10 Thread exited: 0x000001d6e6be2e10
Event: 26140.691 Thread 0x000001d6e6be0080 Thread added: 0x000001d6e6be0fb0
Event: 26140.694 Thread 0x000001d6e6be0fb0 Thread exited: 0x000001d6e6be0fb0
Event: 26141.435 Thread 0x000001d6e6be5180 Thread added: 0x000001d6e6be0fb0
Event: 26141.442 Thread 0x000001d6e6be0fb0 Thread exited: 0x000001d6e6be0fb0
Event: 26143.224 Thread 0x000001d6e6be19d0 Thread added: 0x000001d6e6be0fb0
Event: 26143.225 Thread 0x000001d6e6be0fb0 Thread exited: 0x000001d6e6be0fb0
Event: 26144.054 Thread 0x000001d6e6160730 Thread added: 0x000001d6e6be3d40
Event: 26144.056 Thread 0x000001d6e6be3d40 Thread exited: 0x000001d6e6be3d40
Event: 26144.347 Thread 0x000001d6e6be74f0 Thread exited: 0x000001d6e6be74f0
Event: 26144.925 Thread 0x000001d6e6be5ba0 Thread added: 0x000001d6e6be1ee0
Event: 26144.929 Thread 0x000001d6e6be1ee0 Thread exited: 0x000001d6e6be1ee0


Dynamic libraries:
0x00007ff66e670000 - 0x00007ff66e67e000 	C:\Users\Lenovo\.jdks\corretto-17.0.17\bin\java.exe
0x00007ff877e30000 - 0x00007ff878028000 	C:\Windows\SYSTEM32\ntdll.dll
0x00007ff877210000 - 0x00007ff8772d2000 	C:\Windows\System32\KERNEL32.DLL
0x00007ff8758f0000 - 0x00007ff875be6000 	C:\Windows\System32\KERNELBASE.dll
0x00007ff875d20000 - 0x00007ff875e20000 	C:\Windows\System32\ucrtbase.dll
0x00007ff85c200000 - 0x00007ff85c21e000 	C:\Users\Lenovo\.jdks\corretto-17.0.17\bin\VCRUNTIME140.dll
0x00007ff86b6b0000 - 0x00007ff86b6c8000 	C:\Users\Lenovo\.jdks\corretto-17.0.17\bin\jli.dll
0x00007ff876e80000 - 0x00007ff877021000 	C:\Windows\System32\USER32.dll
0x00007ff859660000 - 0x00007ff8598fb000 	C:\Windows\WinSxS\amd64_microsoft.windows.common-controls_6595b64144ccf1df_6.0.19041.6456_none_60b8a6cb71f64256\COMCTL32.dll
0x00007ff875680000 - 0x00007ff8756a2000 	C:\Windows\System32\win32u.dll
0x00007ff8772e0000 - 0x00007ff87737e000 	C:\Windows\System32\msvcrt.dll
0x00007ff8771e0000 - 0x00007ff87720b000 	C:\Windows\System32\GDI32.dll
0x00007ff8754c0000 - 0x00007ff8755d9000 	C:\Windows\System32\gdi32full.dll
0x00007ff8755e0000 - 0x00007ff87567d000 	C:\Windows\System32\msvcp_win.dll
0x00007ff8768c0000 - 0x00007ff8768ef000 	C:\Windows\System32\IMM32.DLL
0x00007ff8615e0000 - 0x00007ff8615ec000 	C:\Users\Lenovo\.jdks\corretto-17.0.17\bin\vcruntime140_1.dll
0x00007ff849400000 - 0x00007ff849489000 	C:\Users\Lenovo\.jdks\corretto-17.0.17\bin\msvcp140.dll
0x00007ffff75d0000 - 0x00007ffff8244000 	C:\Users\Lenovo\.jdks\corretto-17.0.17\bin\server\jvm.dll
0x00007ff877ba0000 - 0x00007ff877c51000 	C:\Windows\System32\ADVAPI32.dll
0x00007ff875e50000 - 0x00007ff875eef000 	C:\Windows\System32\sechost.dll
0x00007ff8765b0000 - 0x00007ff8766d0000 	C:\Windows\System32\RPCRT4.dll
0x00007ff875e20000 - 0x00007ff875e47000 	C:\Windows\System32\bcrypt.dll
0x00007ff876990000 - 0x00007ff8769fb000 	C:\Windows\System32\WS2_32.dll
0x00007ff869050000 - 0x00007ff869077000 	C:\Windows\SYSTEM32\WINMM.dll
0x00007ff874a10000 - 0x00007ff874a5b000 	C:\Windows\SYSTEM32\POWRPROF.dll
0x00007ff860850000 - 0x00007ff86085a000 	C:\Windows\SYSTEM32\VERSION.dll
0x00007ff874880000 - 0x00007ff874892000 	C:\Windows\SYSTEM32\UMPDC.dll
0x00007ff8734f0000 - 0x00007ff873502000 	C:\Windows\SYSTEM32\kernel.appcore.dll
0x00007ff85c1f0000 - 0x00007ff85c1fa000 	C:\Users\Lenovo\.jdks\corretto-17.0.17\bin\jimage.dll
0x00007ff873040000 - 0x00007ff873241000 	C:\Windows\SYSTEM32\DBGHELP.DLL
0x00007ff84e950000 - 0x00007ff84e984000 	C:\Windows\SYSTEM32\dbgcore.DLL
0x00007ff8756b0000 - 0x00007ff875732000 	C:\Windows\System32\bcryptPrimitives.dll
0x00007ff86d320000 - 0x00007ff86d32f000 	C:\Users\Lenovo\.jdks\corretto-17.0.17\bin\instrument.dll
0x00007ff859980000 - 0x00007ff8599a6000 	C:\Users\Lenovo\.jdks\corretto-17.0.17\bin\java.dll
0x00007ff840410000 - 0x00007ff8404e7000 	C:\Users\Lenovo\.jdks\corretto-17.0.17\bin\jsvml.dll
0x00007ff877380000 - 0x00007ff877af0000 	C:\Windows\System32\SHELL32.dll
0x00007ff873510000 - 0x00007ff873cb5000 	C:\Windows\SYSTEM32\windows.storage.dll
0x00007ff876b20000 - 0x00007ff876e74000 	C:\Windows\System32\combase.dll
0x00007ff874e10000 - 0x00007ff874e3b000 	C:\Windows\SYSTEM32\Wldp.dll
0x00007ff876790000 - 0x00007ff87685d000 	C:\Windows\System32\OLEAUT32.dll
0x00007ff877af0000 - 0x00007ff877b9d000 	C:\Windows\System32\SHCORE.dll
0x00007ff876730000 - 0x00007ff87678b000 	C:\Windows\System32\shlwapi.dll
0x00007ff8753f0000 - 0x00007ff875414000 	C:\Windows\SYSTEM32\profapi.dll
0x00007ff8593e0000 - 0x00007ff8593f8000 	C:\Users\Lenovo\.jdks\corretto-17.0.17\bin\zip.dll
0x00007ff859960000 - 0x00007ff85997b000 	C:\Users\Lenovo\.jdks\corretto-17.0.17\bin\net.dll
0x00007ff86e290000 - 0x00007ff86e39a000 	C:\Windows\SYSTEM32\WINHTTP.dll
0x00007ff874bf0000 - 0x00007ff874c5a000 	C:\Windows\system32\mswsock.dll
0x00007ff859940000 - 0x00007ff859956000 	C:\Users\Lenovo\.jdks\corretto-17.0.17\bin\nio.dll
0x00007ff858e50000 - 0x00007ff858e6a000 	C:\Program Files\JetBrains\IntelliJ IDEA 2022.2\bin\breakgen64.dll
0x00007ff8748f0000 - 0x00007ff8749ba000 	C:\Windows\SYSTEM32\DNSAPI.dll
0x00007ff8748a0000 - 0x00007ff8748db000 	C:\Windows\SYSTEM32\IPHLPAPI.DLL
0x00007ff877de0000 - 0x00007ff877de8000 	C:\Windows\System32\NSI.dll
0x00007ff858e30000 - 0x00007ff858e39000 	C:\Users\Lenovo\.jdks\corretto-17.0.17\bin\extnet.dll
0x00007ff86ab30000 - 0x00007ff86ab3a000 	C:\Windows\System32\rasadhlp.dll
0x00007ff86a2c0000 - 0x00007ff86a340000 	C:\Windows\System32\fwpuclnt.dll
0x00007ff86d310000 - 0x00007ff86d31a000 	C:\Users\Lenovo\.jdks\corretto-17.0.17\bin\management.dll
0x00007ff85bfb0000 - 0x00007ff85bfbc000 	C:\Users\Lenovo\.jdks\corretto-17.0.17\bin\management_ext.dll
0x00007ff876980000 - 0x00007ff876988000 	C:\Windows\System32\PSAPI.DLL
0x00007ff874e50000 - 0x00007ff874e68000 	C:\Windows\SYSTEM32\CRYPTSP.dll
0x00007ff8744c0000 - 0x00007ff8744f8000 	C:\Windows\system32\rsaenh.dll
0x00007ff8753b0000 - 0x00007ff8753de000 	C:\Windows\SYSTEM32\USERENV.dll
0x00007ff874d80000 - 0x00007ff874d8c000 	C:\Windows\SYSTEM32\CRYPTBASE.dll
0x00007ff86f3c0000 - 0x00007ff86f3d7000 	C:\Windows\SYSTEM32\dhcpcsvc6.DLL
0x00007ff86f3a0000 - 0x00007ff86f3bd000 	C:\Windows\SYSTEM32\dhcpcsvc.DLL
0x00007ff851de0000 - 0x00007ff851df7000 	C:\Windows\system32\napinsp.dll
0x00007ff851dc0000 - 0x00007ff851ddb000 	C:\Windows\system32\pnrpnsp.dll
0x00007ff871b30000 - 0x00007ff871b4d000 	C:\Windows\system32\wshbth.dll
0x00007ff86f860000 - 0x00007ff86f87d000 	C:\Windows\system32\NLAapi.dll
0x00007ff851da0000 - 0x00007ff851db2000 	C:\Windows\System32\winrnr.dll
0x00007ff8593d0000 - 0x00007ff8593de000 	C:\Users\Lenovo\.jdks\corretto-17.0.17\bin\sunmscapi.dll
0x00007ff875740000 - 0x00007ff87589d000 	C:\Windows\System32\CRYPT32.dll
0x00007ff874f60000 - 0x00007ff874f87000 	C:\Windows\SYSTEM32\ncrypt.dll
0x00007ff874f20000 - 0x00007ff874f5b000 	C:\Windows\SYSTEM32\NTASN1.dll
0x00007ff858cd0000 - 0x00007ff858ce0000 	C:\Users\Lenovo\.jdks\corretto-17.0.17\bin\verify.dll
0x00007ff84c9f0000 - 0x00007ff84c9f7000 	C:\Windows\system32\wshunix.dll

dbghelp: loaded successfully - version: 4.0.5 - missing functions: none
symbol engine: initialized successfully - sym options: 0x614 - pdb path: .;C:\Users\Lenovo\.jdks\corretto-17.0.17\bin;C:\Windows\SYSTEM32;C:\Windows\WinSxS\amd64_microsoft.windows.common-controls_6595b64144ccf1df_6.0.19041.6456_none_60b8a6cb71f64256;C:\Users\Lenovo\.jdks\corretto-17.0.17\bin\server;C:\Program Files\JetBrains\IntelliJ IDEA 2022.2\bin

VM Arguments:
jvm_args: -XX:TieredStopAtLevel=1 -Dspring.output.ansi.enabled=always -Dcom.sun.management.jmxremote -Dspring.jmx.enabled=true -Dspring.liveBeansView.mbeanDomain -Dspring.application.admin.enabled=true -javaagent:C:\Program Files\JetBrains\IntelliJ IDEA 2022.2\lib\idea_rt.jar=55126:C:\Program Files\JetBrains\IntelliJ IDEA 2022.2\bin -Dfile.encoding=UTF-8 
java_command: com.arabsoft.gestionindemnites.GestionIndemnitesApplication
java_class_path (initial): C:\Users\Lenovo\Desktop\Mutuelle\backend-mutuelle\GestionIndemnites\target\classes;C:\Users\Lenovo\.m2\repository\org\springframework\boot\spring-boot-starter-web\3.3.7\spring-boot-starter-web-3.3.7.jar;C:\Users\Lenovo\.m2\repository\org\springframework\boot\spring-boot-starter\3.3.7\spring-boot-starter-3.3.7.jar;C:\Users\Lenovo\.m2\repository\org\springframework\boot\spring-boot-starter-logging\3.3.7\spring-boot-starter-logging-3.3.7.jar;C:\Users\Lenovo\.m2\repository\org\apache\logging\log4j\log4j-to-slf4j\2.23.1\log4j-to-slf4j-2.23.1.jar;C:\Users\Lenovo\.m2\repository\org\apache\logging\log4j\log4j-api\2.23.1\log4j-api-2.23.1.jar;C:\Users\Lenovo\.m2\repository\org\slf4j\jul-to-slf4j\2.0.16\jul-to-slf4j-2.0.16.jar;C:\Users\Lenovo\.m2\repository\jakarta\annotation\jakarta.annotation-api\2.1.1\jakarta.annotation-api-2.1.1.jar;C:\Users\Lenovo\.m2\repository\org\yaml\snakeyaml\2.2\snakeyaml-2.2.jar;C:\Users\Lenovo\.m2\repository\org\springframework\boot\spring-boot-starter-json\3.3.7\spring-boot-starter-json-3.3.7.jar;C:\Users\Lenovo\.m2\repository\com\fasterxml\jackson\datatype\jackson-datatype-jdk8\2.17.3\jackson-datatype-jdk8-2.17.3.jar;C:\Users\Lenovo\.m2\repository\com\fasterxml\jackson\module\jackson-module-parameter-names\2.17.3\jackson-module-parameter-names-2.17.3.jar;C:\Users\Lenovo\.m2\repository\org\springframework\boot\spring-boot-starter-tomcat\3.3.7\spring-boot-starter-tomcat-3.3.7.jar;C:\Users\Lenovo\.m2\repository\org\apache\tomcat\embed\tomcat-embed-core\10.1.34\tomcat-embed-core-10.1.34.jar;C:\Users\Lenovo\.m2\repository\org\apache\tomcat\embed\tomcat-embed-el\10.1.34\tomcat-embed-el-10.1.34.jar;C:\Users\Lenovo\.m2\repository\org\apache\tomcat\embed\tomcat-embed-websocket\10.1.34\tomcat-embed-websocket-10.1.34.jar;C:\Users\Lenovo\.m2\repository\org\springframework\spring-web\6.1.16\spring-web-6.1.16.jar;C:\Users\Lenovo\.m2\repository\org\springframework\spring-beans\6.1.16\spring-beans-6.1.16.jar;C:\Users\Lenovo\.m2\repo
Launcher Type: SUN_STANDARD

[Global flags]
     intx CICompilerCount                          = 4                                         {product} {ergonomic}
     uint ConcGCThreads                            = 2                                         {product} {ergonomic}
     uint G1ConcRefinementThreads                  = 8                                         {product} {ergonomic}
   size_t G1HeapRegionSize                         = 1048576                                   {product} {ergonomic}
    uintx GCDrainStackTargetSize                   = 64                                        {product} {ergonomic}
   size_t InitialHeapSize                          = 127926272                                 {product} {ergonomic}
     bool ManagementServer                         = true                                      {product} {command line}
   size_t MarkStackSize                            = 4194304                                   {product} {ergonomic}
   size_t MaxHeapSize                              = 2046820352                                {product} {ergonomic}
   size_t MaxNewSize                               = 1227882496                                {product} {ergonomic}
   size_t MinHeapDeltaBytes                        = 1048576                                   {product} {ergonomic}
   size_t MinHeapSize                              = 8388608                                   {product} {ergonomic}
    uintx NonProfiledCodeHeapSize                  = 0                                      {pd product} {ergonomic}
     bool ProfileInterpreter                       = false                                  {pd product} {command line}
    uintx ProfiledCodeHeapSize                     = 0                                      {pd product} {ergonomic}
   size_t SoftMaxHeapSize                          = 2046820352                             {manageable} {ergonomic}
     intx TieredStopAtLevel                        = 1                                         {product} {command line}
     bool UseCompressedClassPointers               = true                           {product lp64_product} {ergonomic}
     bool UseCompressedOops                        = true                           {product lp64_product} {ergonomic}
     bool UseG1GC                                  = true                                      {product} {ergonomic}
     bool UseLargePagesIndividualAllocation        = false                                  {pd product} {ergonomic}

Logging:
Log output configuration:
 #0: stdout all=warning uptime,level,tags
 #1: stderr all=off uptime,level,tags

Environment Variables:
JAVA_HOME=C:\Program Files\Java\jdk-17
PATH=C:\Program Files\Java\jdk-17\bin;D:\ORACLE\ORACLE11G\bin;C:\Python313\Scripts\;C:\Python313\;C:\Program Files\Common Files\Oracle\Java\javapath;C:\Windows\system32;C:\Windows;C:\Windows\System32\Wbem;C:\Windows\System32\WindowsPowerShell\v1.0\;C:\Windows\System32\OpenSSH\;C:\ProgramData\chocolatey\bin;C:\Program Files\Git\cmd;C:\Program Files\Docker\Docker\resources\bin;C:\Program Files\nodejs\;c:\Users\Lenovo\AppData\Local\Programs\Trae\bin;C:\Users\Lenovo\AppData\Local\Microsoft\WindowsApps;C:\Users\Lenovo\AppData\Local\Programs\Microsoft VS Code\bin;C:\Users\Lenovo\AppData\Local\GitHubDesktop\bin;C:\Program Files\Java\jdk-17;C:\Users\Lenovo\AppData\Local\Programs\Windsurf\bin;C:\Users\Lenovo\AppData\Local\PowerToys\;;C:\Program Files\JetBrains\IntelliJ IDEA 2022.2\bin;;C:\Users\Lenovo\AppData\Roaming\npm;C:\Users\Lenovo\AppData\Local\Programs\Antigravity\bin
USERNAME=Lenovo
OS=Windows_NT
PROCESSOR_IDENTIFIER=Intel64 Family 6 Model 191 Stepping 5, GenuineIntel
TMP=C:\Users\Lenovo\AppData\Local\Temp
TEMP=C:\Users\Lenovo\AppData\Local\Temp



Periodic native trim disabled


---------------  S Y S T E M  ---------------

OS:
 Windows 10 , 64 bit Build 19041 (10.0.19041.5915)
OS uptime: 7 days 4:36 hours
Hyper-V role detected

CPU: total 8 (initial active 8) (4 cores per cpu, 2 threads per core) family 6 model 191 stepping 5 microcode 0x32, cx8, cmov, fxsr, ht, mmx, 3dnowpref, sse, sse2, sse3, ssse3, sse4.1, sse4.2, popcnt, lzcnt, tsc, tscinvbit, avx, avx2, aes, erms, clmul, bmi1, bmi2, adx, sha, fma, vzeroupper, clflush, clflushopt, clwb, hv
Processor Information for all 8 processors :
  Max Mhz: 3500, Current Mhz: 3500, Mhz Limit: 3500

Memory: 4k page, system-wide physical 7806M (60M free)
TotalPageFile size 31358M (AvailPageFile size 462M)
current process WorkingSet (physical memory assigned to process): 388M, peak: 526M
current process commit charge ("private bytes"): 760M, peak: 1272M

vm_info: OpenJDK 64-Bit Server VM (17.0.17+10-LTS) for windows-amd64 JRE (17.0.17+10-LTS), built on Oct 16 2025 05:23:10 by "Administrator" with unknown MS VC++:1944

END.
